// This data contains dCt values for IL-17 in Th & Treg cells.
// Cells are defined as Methotrexate & Cyclophosphamide depending on their treatment type.
// Data generated by Taysia Kaplan
 ,Gene,Th_Methotrexate,Treg_Methotrexate,Th_Cyclophosphamide,Treg_Cyclophosphamide
Replicate 01,IL-17,12.0521370530373,10.2948103348675,11.6227126431881,12.5925633766319
Replicate 02,IL-17,11.4021050806744,12.8099711868947,8.36112163517663,10.041811315701
Replicate 03,IL-17,11.9693494253061,11.7249333668806,8.55167172032129,10.9758633466824
Replicate 04,IL-17,12.007319951741,9.27926391313397,10.068524167183,9.82855389560945
Replicate 05,IL-17,11.8121154214634,11.42900762319,-,11.842984827475
Replicate 06,IL-17,10.7556199181977,12.0332398667492,11.1152745221301,10.8081889388947
Replicate 07,IL-17,11.9863345780825,12.9534276510802,9.53813617724666,11.4439711390556
Replicate 08,IL-17,10.765316616977,10.9773065436279,10.1514970321219,10.1198599430689
Replicate 09,IL-17,11.3249457344719,11.3315052932542,11.8831103407135,11.5460311927394
