_ This data contains dCt values for PSEN1 in Lesion & Tissue cells.
_ Cells are defined as Control & TCM depending on their treatment type.
_ Data generated by Ariana Doerr
 ,Gene,Lesion Control,Tissue Control,Lesion TCM,Tissue TCM
Replicate 01,PSEN1,13.4554695310688,12.9478738660072,10.6495072848145,9.72877546475042
Replicate 02,PSEN1,12.5139034292089,12.6905369103394,9.76399308195597,9.86055295718332
Replicate 03,PSEN1,13.0293228426756,12.0209434592784,10.0698071099333,11.9872670256008
Replicate 04,PSEN1,13.2516873876554,12.852193749141,10.1086110993778,10.7871800223826
Replicate 05,PSEN1,12.9292065892826,12.8309773833708,9999,10.4114413430646
Replicate 06,PSEN1,13.7432128071698,12.5911931443736,9.76471818489276,10.6590915462429
Replicate 07,PSEN1,12.6199085241247,13.6262871093626,9.51147625956034,11.8745292268764
