<!-- This data contains dCt values for SEPT9 in Jurkat & CD34+ cells.
<!-- Cells are defined as Methotrexate & Cyclophosphamide depending on their treatment type.
<!-- Data generated by Shakoora al-Farooqui
 ,Gene,Jurkat/Methotrexate,CD34+/Methotrexate,Jurkat/Cyclophosphamide,CD34+/Cyclophosphamide
Replicate 01,SEPT9,8.41668220661356,11.4473054421266,13.3329420809064,15.6496832212164
Replicate 02,SEPT9,8.92708035589025,16.6296247629405,12.778827641239,13.2322789479103
Replicate 03,SEPT9,10.2065992713387,14.0085763219524,15.2586436752762,15.2381452005348
Replicate 04,SEPT9,7.65312506704996,15.1860228336238,13.7530851425054,
Replicate 05,SEPT9,7.8005050995326,14.4466701339013,13.868595992673,16.9414782622237
Replicate 06,SEPT9,10.097960719163,12.0246606601868,14.6989102645377,13.694697378746
Replicate 07,SEPT9,9.00942534100627,12.0466742666665,15.6289076810174,15.9576817938175
