<!-- This data contains dCt values for RORa in MCF7 & BT549 cells.
<!-- Cells are defined as Control & TCM depending on their treatment type.
<!-- Data generated by Bradley Hayes
 ,Gene,MCF7 Control,BT549 Control,MCF7 TCM,BT549 TCM
Replicate 01,RORa,9.02897489746575,13.0933260384604,-,15.1674163619894
Replicate 02,RORa,7.78651631524171,13.9582000675841,9.31855579043423,15.3730473699412
Replicate 03,RORa,9.31845432650278,13.7731042701901,7.49302945447936,13.9591814811691
Replicate 04,RORa,8.04759549237056,12.2009768629658,8.01527779961294,14.3261934998925
Replicate 05,RORa,10.0809104492026,13.2492903406697,9.2421953611079,14.4123704384938
