-- This data contains dCt values for RORa in NKT & CD8+ cells.
-- Cells are defined as ZIKV- & ZIKV+ depending on their treatment type.
-- Data generated by Cory Tang
 ,Gene,NKT/ZIKV-,CD8+/ZIKV-,NKT/ZIKV+,CD8+/ZIKV+
Replicate 01,RORa,14.947445249873,9.24310881442288,12.9623867004075,11.6842775299007
Replicate 02,RORa,16.5385884095917,8.91028114174493,16.2723817986338,10.9435155964412
Replicate 03,RORa,14.6706709872715,9.09945839890029,12.6427050830484,10.9346945239834
Replicate 04,RORa,13.7098523984421,8.11590692443842,15.6282165083971,9.81599141003917
Replicate 05,RORa,14.4266429011327,8.28175083401217,14.2890208239889,10.1612856566638
Replicate 06,RORa,14.6580864603712,9999,14.6168101544795,11.7914878173511
Replicate 07,RORa,14.0465746761568,7.7993512989451,14.0869953443668,11.2200377706411
