@ This data contains dCt values for HIF1A in Liver & Kidney cells.
@ Cells are defined as Control & TCM depending on their treatment type.
@ Data generated by Melody Li
 ,Gene,Liver-Control,Kidney-Control,Liver-TCM,Kidney-TCM
Replicate 01,HIF1A,10.8861493905657,12.79654306433,13.7267119535006,13.9687534247734
Replicate 02,HIF1A,10.8332247167428,11.7455864727725,12.1891645098531,15.2908053798748
Replicate 03,HIF1A,10.9884023116267,12.6055372776664,12.3959772216537,9999
Replicate 04,HIF1A,11.3183511359816,12.8381971438403,11.5476206650885,13.9521396292557
Replicate 05,HIF1A,11.8150943577187,14.083199212545,12.3355376308743,14.6774982133633
Replicate 06,HIF1A,12.1347730042291,11.8657748631927,11.4574053135395,13.7694733441266
Replicate 07,HIF1A,11.6146734724458,13.0066032604267,12.5720093532578,15.0683178023845
Replicate 08,HIF1A,12.4621183971051,11.1167431493371,12.2000893568001,14.7191013919684
