-- This data contains dCt values for PSEN1 in Jurkat & CD34+ cells.
-- Cells are defined as Methotrexate & Cyclophosphamide depending on their treatment type.
-- Data generated by Baheej el-Harron
 ,Gene,Jurkat/Methotrexate,CD34+/Methotrexate,Jurkat/Cyclophosphamide,CD34+/Cyclophosphamide
Replicate 01,PSEN1,6.11429262038978,13.1151927413299,10.5215477177188,12.0353594298858
Replicate 02,PSEN1,7.93971287859967,15.8751185048471,9.8127633919259,11.3482442114561
Replicate 03,PSEN1,9.40725593940511,13.4260860876135,9.68379182589333,10.9976041642333
Replicate 04,PSEN1,8.20257120955367,13.6732052712266,11.9770002638869,9.37360864731965
Replicate 05,PSEN1,7.5859329848011,14.7508374020094,9.99433707901276,10.9962832791981
Replicate 06,PSEN1,6.53106122281129,12.3253070134873,9.49176747670958,12.1116777431323
Replicate 07,PSEN1,7.55597305586832,13.6758093760374,9.78509701990993,8.61265040712126
Replicate 08,PSEN1,8.32883361455067,13.9168512335563,#N/A,13.324920250006
