@ This data contains dCt values for HIF1A in NKT & CD8+ cells.
@ Cells are defined as WT & KO depending on their treatment type.
@ Data generated by Desiree Thornton
 ,Gene,NKT_WT,CD8+_WT,NKT_KO,CD8+_KO
Replicate 01,HIF1A,11.860838909331,9.11048770959255,13.9284625399202,14.1831586120231
Replicate 02,HIF1A,10.6937046705225,8.09803351990343,13.9517691474444,10.9326754610556
Replicate 03,HIF1A,13.2665739977822,8.74873643024937,14.601636416804,12.2658149748707
Replicate 04,HIF1A,11.4321452005631,9.54528223434159,12.7465216914912,12.5119995445635
Replicate 05,HIF1A,12.15102248885,8.86835698213276,12.6311555111899,#N/A
