// This data contains dCt values for NELL2 in Th & Treg cells.
// Cells are defined as Control & TCM depending on their treatment type.
// Data generated by Ramzi el-Zahra
 ,Gene,Th_Control,Treg_Control,Th_TCM,Treg_TCM
Replicate 01,NELL2,12.8749830945584,14.1135536002224,8.05146202422555,14.3422452600747
Replicate 02,NELL2,11.0110426527845,15.3044490789685,7.07466649683685,15.4242609897316
Replicate 03,NELL2,10.5798403317058,#N/A,7.49968544039383,15.9910011135149
Replicate 04,NELL2,12.2676331874738,13.6233039331996,6.92312799649796,14.282939828249
Replicate 05,NELL2,11.0580147599258,16.4590279893111,7.02927201486596,13.7746389634777
Replicate 06,NELL2,11.7135714417382,15.3782086442947,8.67903737742395,14.0903611533235
