# This data contains dCt values for HIF1A in Liver & Kidney cells.
# Cells are defined as Control & DSS depending on their treatment type.
# Data generated by Pawel Sancken
 ,Gene,Liver/Control,Kidney/Control,Liver/DSS,Kidney/DSS
Replicate 01,HIF1A,9.8730400413935,10.9846395123964,14.5245812460502,10.2336731505688
Replicate 02,HIF1A,9.88802339101571,#N/A,12.3035693218925,10.4154477899316
Replicate 03,HIF1A,10.2006244767706,10.2351932815555,11.6338934236113,12.2997115855044
Replicate 04,HIF1A,9.20630851488904,12.3358472645655,11.8668590635264,13.3669636009093
Replicate 05,HIF1A,9.86127575418711,10.0814442940318,13.9561276744579,9.6058112003017
Replicate 06,HIF1A,8.31364551168132,10.6095240935761,12.8050524578371,11.6782913097975
Replicate 07,HIF1A,11.465373810211,11.7936652364982,12.0827157054801,10.3292039913227
Replicate 08,HIF1A,10.0779979698835,10.3575889461222,10.5439121082924,10.691595896966
