# This data contains dCt values for NELL2 in Th & Treg cells.
# Cells are defined as Control & DSS depending on their treatment type.
# Data generated by Pascal Sinath
 ,Gene,Th/Control,Treg/Control,Th/DSS,Treg/DSS
Replicate 01,NELL2,10.238384811595,15.5500980327297,14.247119498078,9.21746982585018
Replicate 02,NELL2,8.22779072282095,13.3099710952772,13.1505161973244,10.0119287920549
Replicate 03,NELL2,9.70568842430414,15.5591905195572,14.169312617388,11.3788195635357
Replicate 04,NELL2,9.85409288089446,13.1096110900278,13.5748561666356,9.3153982555307
Replicate 05,NELL2,8.78011604791444,13.9875764350094,15.5806171856069,
