-- This data contains dCt values for SATB1 in Liver & Kidney cells.
-- Cells are defined as Methotrexate & Cyclophosphamide depending on their treatment type.
-- Data generated by Wendy Blake
 ,Gene,Liver/Methotrexate,Kidney/Methotrexate,Liver/Cyclophosphamide,Kidney/Cyclophosphamide
Replicate 01,SATB1,10.514748270964,12.4848861197144,10.8101439163985,10.907577016627
Replicate 02,SATB1,10.0832659391468,10.6158839107839,10.1773191651782,11.5778485122488
Replicate 03,SATB1,9.38382139013493,9999,11.9483097223095,11.5129770359391
Replicate 04,SATB1,10.8407555250629,11.7991944699493,11.1388206706817,12.2851262354334
Replicate 05,SATB1,10.0181812539002,13.0921521834564,10.9093317520844,11.788924205378
Replicate 06,SATB1,9.06974063585934,11.8325154706895,12.5875989109937,12.2401969031569
Replicate 07,SATB1,10.2304223951187,12.5046813734897,10.565256995236,11.7139123040012
Replicate 08,SATB1,9.59162584709344,11.205455566101,10.6436240061669,12.6106569591895
