# This data contains dCt values for NELL2 in Lesion & Tissue cells.
# Cells are defined as WT & KO depending on their treatment type.
# Data generated by Nawaar el-Nasir
 ,Gene,Lesion:WT,Tissue:WT,Lesion:KO,Tissue:KO
Replicate 01,NELL2,14.7950876429913,10.0564658841521,14.1242094941937,13.6418907692332
Replicate 02,NELL2,13.5419310417309,11.8007406868017,15.0874487473249,13.1166872903703
Replicate 03,NELL2,13.1762435792324,12.5734892203403,14.8517401303001,15.3579648376384
Replicate 04,NELL2,12.7690864689988,9.50452252298872,15.3556577878525,14.401209149036
Replicate 05,NELL2,14.877069999539,11.0506350805347,#N/A,14.0405924507374
Replicate 06,NELL2,14.6427298942207,12.0382361247348,13.8678962835365,12.9989245832442
Replicate 07,NELL2,14.9925633909237,12.1886453471475,12.4386689044565,14.1435167196052
