_ This data contains dCt values for SORL1 in HeLa & LNCaP cells.
_ Cells are defined as Control & DSS depending on their treatment type.
_ Data generated by  Muzna al-Anwar
 ,Gene,HeLa-Control,LNCaP-Control,HeLa-DSS,LNCaP-DSS
Replicate 01,SORL1,10.1629607825628,9999,9.4160607914351,7.50351473714808
Replicate 02,SORL1,11.6899461470258,10.5336094287497,10.2532734492075,8.08400661732579
Replicate 03,SORL1,12.2168660402868,11.6950670774422,9.59135147406675,10.4153069798468
Replicate 04,SORL1,10.8550029022469,8.92868247397156,9.92766086602617,7.42125622410766
Replicate 05,SORL1,11.8814302266136,10.6955866489612,8.6095469339556,9.04536070684536
Replicate 06,SORL1,10.4666375451531,9.86458310059469,9.43311650897379,9.62334596661445
