% This data contains dCt values for SATB1 in Liver & Kidney cells.
% Cells are defined as Methotrexate & Cyclophosphamide depending on their treatment type.
% Data generated by Rafeeda al-Azimi
 ,Gene,Liver:Methotrexate,Kidney:Methotrexate,Liver:Cyclophosphamide,Kidney:Cyclophosphamide
Replicate 01,SATB1,10.5156991304377,10.5654519728973,13.9433853200576,13.6779278690236
Replicate 02,SATB1,10.0655440281728,10.1975304562978,13.7823978421777,12.5524271168248
Replicate 03,SATB1,10.9758334934823,11.5091961064838,15.4373913676356,12.8425756595596
Replicate 04,SATB1,11.3921996017347,11.4985045881078,16.3811322192301,11.6742989746395
Replicate 05,SATB1,10.8350515820799,9.20055396459598,14.5621312846813,13.9113458605622
Replicate 06,SATB1,8.06812372973934,10.7725214113888,15.2528849189619,
Replicate 07,SATB1,8.92633713655893,11.9960273410292,13.8399225591836,13.3392485227584
Replicate 08,SATB1,10.1877788307116,11.4938072616972,13.8954557004698,13.5458062943853
Replicate 09,SATB1,6.96895817256874,12.0157247781984,16.5291617030323,11.9692585332047
