# This data contains dCt values for HIF1A in Naive & Memory cells.
# Cells are defined as Methotrexate & Cyclophosphamide depending on their treatment type.
# Data generated by Gabrielle Dent
 ,Gene,Naive/Methotrexate,Memory/Methotrexate,Naive/Cyclophosphamide,Memory/Cyclophosphamide
Replicate 01,HIF1A,11.7562293243857,7.05519417875623,11.3494630682141,16.6372040359732
Replicate 02,HIF1A,10.0433804186105,7.9125384459412,12.4396190224702,16.0113334113231
Replicate 03,HIF1A,10.4824045625563,9.42588545834619,9.97228586139705,16.0568441544225
Replicate 04,HIF1A,8.4671066565577,9.23825957936214,12.1254921579918,14.9882699766876
Replicate 05,HIF1A,10.7281166380643,-,12.2038496057391,15.9842875141135
Replicate 06,HIF1A,11.9337407331816,7.42148948985679,12.0594195999736,14.2619529981052
