// This data contains dCt values for TGFB in Naive & Memory cells.
// Cells are defined as WT & KO depending on their treatment type.
// Data generated by Sirajuddeen el-Nazir
 ,Gene,Naive/WT,Memory/WT,Naive/KO,Memory/KO
Replicate 01,TGFB,9.24468891955489,9.56793876088701,10.0801076491937,8.05806710168575
Replicate 02,TGFB,10.2704301654394,11.134599175197,11.5906423424014,8.22041766161504
Replicate 03,TGFB,11.0678381001086,8.65424736013949,9.43304236173461,8.33150303764625
Replicate 04,TGFB,10.3628271138071,9999,11.9668762131179,8.15227613077421
Replicate 05,TGFB,11.317882318883,9.21898441866933,11.0695322874279,7.22413923080037
Replicate 06,TGFB,10.5742368869566,7.92326692227395,11.6469145661596,9.27554607041802
