# This data contains dCt values for PSEN1 in PBMC & CD4+ cells.
# Cells are defined as Control & TCM depending on their treatment type.
# Data generated by Bronson Patel
 ,Gene,PBMC_Control,CD4+_Control,PBMC_TCM,CD4+_TCM
Replicate 01,PSEN1,11.3733019706742,12.096793564602,13.0341693824255,12.6906688847013
Replicate 02,PSEN1,10.1381923613879,12.2639030343157,13.9748438832669,
Replicate 03,PSEN1,8.61643826566264,11.1641321941141,14.6121950167085,11.5642105082298
Replicate 04,PSEN1,11.8043255168301,12.1112832503759,13.9205231611547,12.1790440431155
Replicate 05,PSEN1,10.0406178785647,11.7746553368068,14.5800741180484,12.2928934408059
