# This data contains dCt values for FOXP3 in CD141+ & CD303+ cells.
# Cells are defined as Control & TCM depending on their treatment type.
# Data generated by Austin Fine
 ,Gene,CD141+/Control,CD303+/Control,CD141+/TCM,CD303+/TCM
Replicate 01,FOXP3,11.4214619829859,9.62800167477582,8.78700971025256,13.4715229667349
Replicate 02,FOXP3,13.1007615340686,9.25234295477337,7.84680224915061,13.4481173113376
Replicate 03,FOXP3,12.0564891111561,6.41903455219269,6.42078405593012,12.5547128289395
Replicate 04,FOXP3,11.1134112118793,9.62258178946316,8.58099842228409,#N/A
Replicate 05,FOXP3,11.461630781693,7.76800531984825,9.22211641899446,13.5360768249984
