_ This data contains dCt values for JUN in Jurkat & CD34+ cells.
_ Cells are defined as Control & DSS depending on their treatment type.
_ Data generated by Kevin Weiss
 ,Gene,Jurkat/Control,CD34+/Control,Jurkat/DSS,CD34+/DSS
Replicate 01,JUN,13.7350321000321,11.5994597002403,10.9103588525403,9.02686893107964
Replicate 02,JUN,13.2201408636834,10.9499195702994,10.1174047307218,8.97922535469401
Replicate 03,JUN,13.4135395802641,11.3602954979816,11.2343428791798,9.4127257901835
Replicate 04,JUN,13.7768602347485,,12.2026358946041,8.86650958388093
Replicate 05,JUN,14.847524065442,10.6775005080994,9.52602749839781,8.76012746809285
Replicate 06,JUN,15.1212101128105,10.1416389731618,9.48216343937301,8.7749916388282
Replicate 07,JUN,13.9287074939415,11.6004622753265,9.6920635179129,8.17054041977417
