-- This data contains dCt values for IL-17 in Jurkat & CD34+ cells.
-- Cells are defined as Control & Transfected depending on their treatment type.
-- Data generated by Waseef el-Hoque
 ,Gene,Jurkat:Control,CD34+:Control,Jurkat:Transfected,CD34+:Transfected
Replicate 01,IL-17,13.6495113056428,8.4766280453665,11.5282832173648,9.51819175068077
Replicate 02,IL-17,13.3126234226974,10.1207043214497,11.6174413966128,8.48972875175959
Replicate 03,IL-17,15.10097769609,7.86595162963165,12.8062729082825,7.2284562272526
Replicate 04,IL-17,12.2864454831379,9.97043418172011,11.6087605731657,#N/A
Replicate 05,IL-17,12.9085297832288,8.20735028448179,11.4623523445554,8.55190936300193
Replicate 06,IL-17,13.0162168954459,8.2206288487698,11.3078847650045,10.1985676817431
