_ This data contains dCt values for IL-2 in Lesion & Tissue cells.
_ Cells are defined as ZIKV- & ZIKV+ depending on their treatment type.
_ Data generated by Muaoina Do
 ,Gene,Lesion-ZIKV-,Tissue-ZIKV-,Lesion-ZIKV+,Tissue-ZIKV+
Replicate 01,IL-2,10.7254398270624,14.209910509821,14.3952298315155,12.6118118225729
Replicate 02,IL-2,14.407678780465,,13.1343475071485,10.3110452703503
Replicate 03,IL-2,12.5160617673378,12.6250487960655,14.578227565281,10.1995990663386
Replicate 04,IL-2,14.203108776612,14.820029331337,14.4701758598658,12.7864946737374
Replicate 05,IL-2,13.1441130463889,14.0150727087337,13.8119188748787,11.6448595151485
Replicate 06,IL-2,14.986408330215,15.1387669611583,13.6964826846641,12.0343557441858
Replicate 07,IL-2,13.3251639328728,14.2138958822416,14.3498712242329,12.6576329991361
