@ This data contains dCt values for PSEN1 in HEK293 & CD25Hi cells.
@ Cells are defined as Methotrexate & Cyclophosphamide depending on their treatment type.

 ,Gene,HEK293_Methotrexate,CD25Hi_Methotrexate,HEK293_Cyclophosphamide,CD25Hi_Cyclophosphamide
Replicate 01,PSEN1,12.993416493326537,12.687613741093237,12.405316934428564,10.561686538981093
Replicate 02,PSEN1,13.102914467939028,12.212172830620991,14.27114565425212,11.772016865232736
Replicate 03,PSEN1,12.618607825290558,12.229267308490588,12.773333532873194,12.004210491147212
Replicate 04,PSEN1,12.874490889052357,13.841874477062094,12.31918656279382,12.128217302882378
Replicate 05,PSEN1,13.058783763334112,14.274582249017934,12.85132390577765,10.806439852593623
