-- This data contains dCt values for JUN in NKT & CD8+ cells.
-- Cells are defined as Control & Transfected depending on their treatment type.
-- Data generated by Kylie Chumm
 ,Gene,NKT Control,CD8+ Control,NKT Transfected,CD8+ Transfected
Replicate 01,JUN,8.56637549799355,10.3778397966854,9.80167359346451,9.86154489942289
Replicate 02,JUN,7.35075407538437,10.092352001913,10.4634403715548,10.7380554422162
Replicate 03,JUN,9.86735085192323,10.9605013178238,9.22395737426528,7.91243246483375
Replicate 04,JUN,9.76679662513338,11.3682517051856,9.98297744227809,9.45353730818824
Replicate 05,JUN,7.72443695303142,9999,9.04862402176335,10.7634835226837
Replicate 06,JUN,9.13533028436656,11.7526371245006,9.39217430565203,9.30312406019258
Replicate 07,JUN,9.06742855551904,12.334834086079,7.50050152825781,7.34652236088062
Replicate 08,JUN,7.62866564081946,11.4995634281257,9.09973885091475,11.0066658035821
