// This data contains dCt values for SEPT9 in Jurkat & CD34+ cells.
// Cells are defined as Methotrexate & Cyclophosphamide depending on their treatment type.
// Data generated by Kevin Kakinari
 ,Gene,Jurkat_Methotrexate,CD34+_Methotrexate,Jurkat_Cyclophosphamide,CD34+_Cyclophosphamide
Replicate 01,SEPT9,11.2757152695278,11.866281989496,8.68365525672956,9.69157307355285
Replicate 02,SEPT9,10.7586763909127,12.5933752100829,8.89808556170137,7.94474999109156
Replicate 03,SEPT9,9.38700266323543,12.3898618647944,,8.3791589257228
Replicate 04,SEPT9,11.0567260465976,12.2792835989341,6.40204641196443,9.63474468899141
Replicate 05,SEPT9,11.4708290157999,12.6808304198039,6.96643611617635,8.33951183524274
Replicate 06,SEPT9,9.99186950031053,13.0335083937496,7.56734609979391,9.30917027717089
Replicate 07,SEPT9,10.7032501438755,12.2163635632161,8.65450143402908,8.87869270390002
Replicate 08,SEPT9,12.0190539434791,13.1796058354174,9.34555626507765,9.12453194492769
Replicate 09,SEPT9,11.6954946005035,11.6248184656399,11.5203091920514,8.29097214540138
