-- This data contains dCt values for SEPT9 in NKT & CD8+ cells.
-- Cells are defined as Control & Transfected depending on their treatment type.
-- Data generated by Larry Tran
 ,Gene,NKT_Control,CD8+_Control,NKT_Transfected,CD8+_Transfected
Replicate 01,SEPT9,9.30231274204957,9.82513549225174,12.1394848885483,14.6771474603567
Replicate 02,SEPT9,9.82973290688765,8.68098853631543,13.2871166853577,15.2661612918163
Replicate 03,SEPT9,8.3300253170904,7.98796650942496,13.66906888359,14.0668222952312
Replicate 04,SEPT9,7.76709043764154,9999,12.0187410988927,14.6914913290203
Replicate 05,SEPT9,8.30185171811337,8.3272989725001,11.2212850645525,13.5749112009406
