_ This data contains dCt values for ITGA in Jurkat & CD34+ cells.
_ Cells are defined as Methotrexate & Cyclophosphamide depending on their treatment type.
_ Data generated by Brendan Choi
 ,Gene,Jurkat-Methotrexate,CD34+-Methotrexate,Jurkat-Cyclophosphamide,CD34+-Cyclophosphamide
Replicate 01,ITGA,14.3809394775178,10.0049208204734,11.5111549101504,9.35353687480718
Replicate 02,ITGA,15.435466512271,11.4727073540132,11.1035092608244,11.8732968242381
Replicate 03,ITGA,14.5320420669146,9.62823527806855,9999,10.1513423659776
Replicate 04,ITGA,15.8413206865446,11.5642262063132,9.83869770881608,9.7257621145907
Replicate 05,ITGA,13.8021801968403,10.0373966488567,11.869143451099,7.46993881941818
Replicate 06,ITGA,14.6734513792449,10.3279981448929,12.502019805823,11.4280319046091
Replicate 07,ITGA,16.4226493742288,9.14127010579867,10.2470748901827,7.87034786562652
Replicate 08,ITGA,13.2893964822669,11.4006534186404,9.45319274891402,10.8548778892243
