_ This data contains dCt values for SEPT9 in HEK293 & CD25Hi cells.
_ Cells are defined as Methotrexate & Cyclophosphamide depending on their treatment type.
_ Data generated by Samuel Maag-Brown
 ,Gene,HEK293 Methotrexate,CD25Hi Methotrexate,HEK293 Cyclophosphamide,CD25Hi Cyclophosphamide
Replicate 01,SEPT9,10.901590249024,8.83091168343559,12.8630563188932,9.56925421213407
Replicate 02,SEPT9,9.30137904859483,9.5109472743115,11.3182768833294,8.83558253951
Replicate 03,SEPT9,9.88296988844423,10.2947499300161,11.804167914526,9.16317193924549
Replicate 04,SEPT9,8.93886885560258,11.6724946673795,9.37961331467058,7.89461518799139
Replicate 05,SEPT9,11.19707767959,11.1345714939896,9.80394756750296,-
Replicate 06,SEPT9,8.41625988510278,11.3533915617513,10.247096962361,8.30244195022377
Replicate 07,SEPT9,8.04017489605251,9.24160270991314,11.3599860046462,8.42786193168457
