% This data contains dCt values for JUN in HEK293 & CD25Hi cells.
% Cells are defined as Methotrexate & Cyclophosphamide depending on their treatment type.
% Data generated by Najeeba al-Sadek
 ,Gene,HEK293 Methotrexate,CD25Hi Methotrexate,HEK293 Cyclophosphamide,CD25Hi Cyclophosphamide
Replicate 01,JUN,13.5814112061984,13.2623620759134,8.25156098588573,8.52528084507738
Replicate 02,JUN,12.3584463070961,12.3810013207768,9.26648092325308,10.2110629993492
Replicate 03,JUN,13.4868800873042,12.5285861019549,8.87426974478319,7.72307215134341
Replicate 04,JUN,-,12.2839528330182,9.17212755231557,8.07212903999887
Replicate 05,JUN,13.0451815638694,13.6513787957835,9.00792478078007,7.5548162223358
Replicate 06,JUN,13.8486110986986,13.510650635015,7.82158703172827,9.34319440692487
