// This data contains dCt values for ITGA in NKT & CD8+ cells.
// Cells are defined as Methotrexate & Cyclophosphamide depending on their treatment type.
// Data generated by Zameel al-Hakeem
 ,Gene,NKT-Methotrexate,CD8+-Methotrexate,NKT-Cyclophosphamide,CD8+-Cyclophosphamide
Replicate 01,ITGA,9.85109412561584,13.8851662510934,8.31082337213767,15.0253383158131
Replicate 02,ITGA,11.5555670672522,14.1788469682689,8.46376575531188,13.355206290948
Replicate 03,ITGA,10.1599851719716,14.1727779535306,9.67166929275594,-
Replicate 04,ITGA,10.5058328285683,11.8341065856567,7.93688810517903,13.5017302500912
Replicate 05,ITGA,8.78485123071465,14.8296094169987,10.535427401114,15.7156417212632
