// This data contains dCt values for SEPT9 in Th & Treg cells.
// Cells are defined as Control & Transfected depending on their treatment type.
// Data generated by Waajida al-Ismail
 ,Gene,Th_Control,Treg_Control,Th_Transfected,Treg_Transfected
Replicate 01,SEPT9,10.5512618012313,14.2670043659504,10.3149658857724,11.7559223530966
Replicate 02,SEPT9,8.8865986204082,13.5521595146142,7.52124287503831,11.0802179127908
Replicate 03,SEPT9,8.96267368857331,14.7115582201519,,15.5544390165625
Replicate 04,SEPT9,8.55605665559111,13.5689012592662,7.99532040728273,11.5151080724197
Replicate 05,SEPT9,9.4648626853636,14.4709282046384,8.00279833519865,11.9594222346773
Replicate 06,SEPT9,9.6319929462218,13.9140735451658,9.58763690361104,12.8869031059399
Replicate 07,SEPT9,11.4308222134759,14.5815276510101,9.40067763911777,14.4913578832583
Replicate 08,SEPT9,9.29065812994022,14.4160931623161,6.36962939322368,12.205814126968
