-- This data contains dCt values for SORL1 in HEK293 & CD25Hi cells.
-- Cells are defined as Control & Transfected depending on their treatment type.
-- Data generated by Kiara Shafi
 ,Gene,HEK293:Control,CD25Hi:Control,HEK293:Transfected,CD25Hi:Transfected
Replicate 01,SORL1,10.3874995729194,8.27331819832627,10.5783926663375,9.08107266347621
Replicate 02,SORL1,8.57984088221643,13.0271448515639,9.46371781548194,9.63786998650655
Replicate 03,SORL1,9.6841807698929,12.9661080436665,10.9335117315106,10.3207027103295
Replicate 04,SORL1,9.12995020394167,9.68237645301988,11.7159360553362,8.53305870259643
Replicate 05,SORL1,9.7469743572325,11.5214976126741,9.6414323326338,9.40178103965261
Replicate 06,SORL1,9.46994469045034,9.8490931255539,9.82277210075581,8.59543182211372
Replicate 07,SORL1,8.72848162600854,11.2215130602429,10.0814221080717,9.78250006888306
Replicate 08,SORL1,8.06930175453449,,11.1303170426457,8.44670176879077
