# This data contains dCt values for JUN in MCF7 & BT549 cells.
# Cells are defined as Control & Transfected depending on their treatment type.
# Data generated by Nicole Cullip
 ,Gene,MCF7 Control,BT549 Control,MCF7 Transfected,BT549 Transfected
Replicate 01,JUN,13.8700441624303,8.48424267219295,9.53092175239049,10.0892843934224
Replicate 02,JUN,13.0278006963615,6.99273521241326,9.65483975684913,7.51476947963289
Replicate 03,JUN,10.6719254279122,9.81620556554934,7.53209045724168,12.8575928910945
Replicate 04,JUN,11.270234875553,8.91501800659476,9999,10.1328569658355
Replicate 05,JUN,12.590227017294,8.76741903911839,7.18207302631937,9.72829717311771
Replicate 06,JUN,11.7264469873659,7.86916241608683,10.4674746743672,10.8464162946457
