// This data contains dCt values for FOXP3 in NKT & CD8+ cells.
// Cells are defined as Control & Transfected depending on their treatment type.

 ,Gene,NKT-Control,CD8+-Control,NKT-Transfected,CD8+-Transfected
Replicate 01,FOXP3,14.905951926637448,9.477258411397749,9.983209812542402,14.158538975354563
Replicate 02,FOXP3,13.927292628347015,9.538697191933018,9.469835557801542,13.083697201877193
Replicate 03,FOXP3,15.379440930512644,10.733331831258369,9.750579312830107,11.37884043441979
Replicate 04,FOXP3,14.87583952608399,9.103399562837312,8.409987924957502,13.58596382405669
Replicate 05,FOXP3,13.74474158772636,10.134127280767162,8.34665966772684,13.584590568918053
Replicate 06,FOXP3,14.955632468036086,9.842330494276341,9.320762463333509,14.061695780196523
