// This data contains dCt values for SEPT9 in Jurkat & CD34+ cells.
// Cells are defined as Control & DSS depending on their treatment type.
// Data generated by Kathryn Trojahn
 ,Gene,Jurkat Control,CD34+ Control,Jurkat DSS,CD34+ DSS
Replicate 01,SEPT9,8.21689984399871,10.0680714191853,12.321770745789,11.9506448592375
Replicate 02,SEPT9,9.21056473248993,12.4289806144167,14.1915119617897,10.3651011812993
Replicate 03,SEPT9,10.6856819147491,12.835920582405,13.1760378737529,10.9307527353462
Replicate 04,SEPT9,8.75044892837183,12.7297213333095,13.1700717973963,13.0710734690602
Replicate 05,SEPT9,9.9238298285019,10.4192426009555,14.0599893022489,10.0467410436963
Replicate 06,SEPT9,8.47534113717647,10.5767532420195,9999,11.3538999876496
Replicate 07,SEPT9,9.97762062438733,10.8974652368512,13.0135095945687,13.478799877209
Replicate 08,SEPT9,9.41539262306441,10.6224170159963,14.6961878254887,10.5562978731253
