-- This data contains dCt values for SORL1 in Th & Treg cells.
-- Cells are defined as ZIKV- & ZIKV+ depending on their treatment type.
-- Data generated by Aaron Schwalger
 ,Gene,Th_ZIKV-,Treg_ZIKV-,Th_ZIKV+,Treg_ZIKV+
Replicate 01,SORL1,9.44591344224763,8.37728639929399,10.4082260227691,7.35396488145242
Replicate 02,SORL1,11.8369949863397,9.32723476723633,10.0073240552998,9.42160931445545
Replicate 03,SORL1,10.3976540019517,7.28148775839447,10.8556649163945,11.0813969367395
Replicate 04,SORL1,,7.32147311119133,9.15704426484681,9.56146805210635
Replicate 05,SORL1,12.0073743920088,8.19922568641124,11.968727617452,10.7282807088173
Replicate 06,SORL1,9.64307320629724,7.67807984802073,8.30643429098189,8.98105630816664
