@ This data contains dCt values for RORa in PBMC & CD4+ cells.
@ Cells are defined as Control & DSS depending on their treatment type.
@ Data generated by Cameron Sabin
 ,Gene,PBMC-Control,CD4+-Control,PBMC-DSS,CD4+-DSS
Replicate 01,RORa,7.08489831805525,8.65045248000579,12.8789683845782,9.92066485147013
Replicate 02,RORa,6.95937710958611,10.0090339658209,11.2310637452647,9.08924570236046
Replicate 03,RORa,6.86531646361897,8.64608062908946,11.4641157218788,11.1090131643485
Replicate 04,RORa,6.68323425962268,8.70536670174586,13.0988707742623,9.9040806099889
Replicate 05,RORa,8.54261932954131,6.13567814971684,12.5545352667613,11.7452342372179
Replicate 06,RORa,7.86945182544425,8.07469914353165,#N/A,12.0077596440432
