_ This data contains dCt values for TGFB in Jurkat & CD34+ cells.
_ Cells are defined as ZIKV- & ZIKV+ depending on their treatment type.
_ Data generated by Brandon Pavicic
 ,Gene,Jurkat/ZIKV-,CD34+/ZIKV-,Jurkat/ZIKV+,CD34+/ZIKV+
Replicate 01,TGFB,13.6552319930028,14.7248127438618,16.1847109671106,8.83514827059466
Replicate 02,TGFB,9999,12.4466124960832,15.9710474561471,6.53374092481484
Replicate 03,TGFB,12.4378824431224,13.2397837850519,14.8435435385467,8.58431171543141
Replicate 04,TGFB,12.17171783478,13.7609141861227,15.3872488088201,10.3720579508217
Replicate 05,TGFB,13.1168408743164,12.4898101088596,15.5623505756956,7.96212217321659
