# This data contains dCt values for NELL2 in Lesion & Tissue cells.
# Cells are defined as WT & KO depending on their treatment type.
# Data generated by Lauryn Sinsheimer
 ,Gene,Lesion/WT,Tissue/WT,Lesion/KO,Tissue/KO
Replicate 01,NELL2,11.8675209154304,15.2651304378713,9.43372837562653,10.1985660382262
Replicate 02,NELL2,9999,15.6955432824077,8.49901477639085,9.12093732097607
Replicate 03,NELL2,13.1760170552903,15.1968872725115,10.4865665508373,11.3107117925398
Replicate 04,NELL2,12.902360278522,14.3648219766096,9.65721001659097,10.6853231768534
Replicate 05,NELL2,14.3854607776321,13.4051287605827,10.5285281774586,10.6372290087466
