# This data contains dCt values for NELL2 in HEK293 & CD25Hi cells.
# Cells are defined as Control & Transfected depending on their treatment type.
# Data generated by Dillon Hutchinson
 ,Gene,HEK293/Control,CD25Hi/Control,HEK293/Transfected,CD25Hi/Transfected
Replicate 01,NELL2,15.3769463944607,10.0459342717545,12.1900368188522,15.2783416449372
Replicate 02,NELL2,14.2667793025462,10.5620220869073,11.4642794115726,12.1149290675112
Replicate 03,NELL2,13.6238133467754,11.4437022341008,14.2052991392928,#N/A
Replicate 04,NELL2,15.5969855670585,11.211144864186,13.8239573933408,13.8480767610278
Replicate 05,NELL2,15.3645374824205,14.4300238792049,11.3119807558855,13.9816541831802
Replicate 06,NELL2,13.7214039893806,11.6735154615789,12.8948122849734,16.0547450605152
Replicate 07,NELL2,15.4276176117537,11.5340043391734,14.9287005087893,12.9251814560896
Replicate 08,NELL2,13.7691541623448,10.3835721581421,14.669167193811,14.7777878895964
