@ This data contains dCt values for HIF1A in HEK293 & CD25Hi cells.
@ Cells are defined as Control & DSS depending on their treatment type.
@ Data generated by Shaakir el-Dada
 ,Gene,HEK293/Control,CD25Hi/Control,HEK293/DSS,CD25Hi/DSS
Replicate 01,HIF1A,12.9502689628986,9.34656391496834,13.6386091111641,10.5281601365398
Replicate 02,HIF1A,13.081039816216,11.775508181998,13.1805305160661,11.6748864329287
Replicate 03,HIF1A,13.1527617221174,10.7845328820013,14.3781919093803,10.8132536315256
Replicate 04,HIF1A,12.515073492023,10.5855660435928,14.3699207764828,9.08307116671526
Replicate 05,HIF1A,13.2548733784288,10.5300438100423,13.4992300843134,
Replicate 06,HIF1A,11.2680695327714,10.5656418550147,13.0164466470963,10.7335763251047
