_ This data contains dCt values for PSEN1 in PBMC & CD4+ cells.
_ Cells are defined as Methotrexate & Cyclophosphamide depending on their treatment type.
_ Data generated by Grace Ho
 ,Gene,PBMC/Methotrexate,CD4+/Methotrexate,PBMC/Cyclophosphamide,CD4+/Cyclophosphamide
Replicate 01,PSEN1,15.1648967898745,12.9774214365504,8.2384751144292,12.1244568820369
Replicate 02,PSEN1,15.5084827202882,11.3267072876034,9.73513921038566,9.21784795078114
Replicate 03,PSEN1,13.7977244982051,12.4475581647735,11.5465629996661,10.4037858568672
Replicate 04,PSEN1,13.0303795775362,10.0104173039105,9.51331450862186,8.51810076075952
Replicate 05,PSEN1,15.0683158506235,12.2533628351873,7.37688092674442,11.8488538676149
Replicate 06,PSEN1,14.9976612515678,11.8038698144931,10.086396343535,12.0629488013223
Replicate 07,PSEN1,14.2369974849359,13.6659457463751,9999,10.5838047883383
