% This data contains dCt values for HIF1A in Liver & Kidney cells.
% Cells are defined as Control & DSS depending on their treatment type.
% Data generated by Jeffrey Gilbert
 ,Gene,Liver/Control,Kidney/Control,Liver/DSS,Kidney/DSS
Replicate 01,HIF1A,9.98268574325825,13.6709677421166,7.42748104990086,11.729905876275
Replicate 02,HIF1A,9.5916079843828,14.0972267688626,8.16970589697344,11.4553265556345
Replicate 03,HIF1A,9.75505104159512,15.0785905638435,9.65637804169397,9.97333693041616
Replicate 04,HIF1A,9.02905972169163,12.8883979215879,9.55429628838498,13.2330630312438
Replicate 05,HIF1A,8.98258235409205,16.0814904817917,8.83128803860762,13.1221582328657
Replicate 06,HIF1A,8.7623887986074,14.9086124090009,9999,11.8008757431247
