% This data contains dCt values for JUN in Th & Treg cells.
% Cells are defined as Control & Transfected depending on their treatment type.

 ,Gene,Th/Control,Treg/Control,Th/Transfected,Treg/Transfected
Replicate 01,JUN,9.64537950840424,9.504243661097114,10.780458273169714,8.75507232816508
Replicate 02,JUN,10.73530044372773,9.77758629085696,12.25002958106884,8.036827476245888
Replicate 03,JUN,11.92915734051209,8.762773024397017,11.64807862535137,9.610251318796912
Replicate 04,JUN,7.629874183540348,8.74746510201733,13.06323734701345,8.290051968322345
Replicate 05,JUN,8.927399365614061,9.82839243627595,13.237701353005942,8.203562472869145
Replicate 06,JUN,10.097169094188676,9.817922505137002,13.131733256335618,9.565842073747406
