@ This data contains dCt values for PSEN1 in Liver & Kidney cells.
@ Cells are defined as Methotrexate & Cyclophosphamide depending on their treatment type.
@ Data generated by Cody Snellbaker
 ,Gene,Liver:Methotrexate,Kidney:Methotrexate,Liver:Cyclophosphamide,Kidney:Cyclophosphamide
Replicate 01,PSEN1,12.3229719259957,10.4235295655954,9.4508544654898,9.46903558945896
Replicate 02,PSEN1,14.1373953862294,13.0192862483923,9.77412307891808,9.80211007961286
Replicate 03,PSEN1,14.3864970276545,13.4162334416987,8.75737281409698,9.94323495697268
Replicate 04,PSEN1,15.3312355616151,13.8525822622993,9.12764719121884,10.3807191502996
Replicate 05,PSEN1,13.4724930641119,13.9530961774039,10.8423099363957,9999
Replicate 06,PSEN1,11.9159957331078,12.0660652967426,8.3242958403547,10.4750402045568
Replicate 07,PSEN1,13.6510897157381,13.7868528585456,9.34553139237665,10.7682695082904
Replicate 08,PSEN1,14.1507534812365,12.296775159955,8.46180194634529,10.0006084782096
Replicate 09,PSEN1,12.2174295119535,12.0512497591631,11.299296982297,11.2797953965518
Replicate 10,PSEN1,13.3704499843513,13.9091552439452,10.1040803977745,9.90602734281948
