@ This data contains dCt values for SATB1 in Th & Treg cells.
@ Cells are defined as Control & Transfected depending on their treatment type.
@ Data generated by Christopher Ngo
 ,Gene,Th/Control,Treg/Control,Th/Transfected,Treg/Transfected
Replicate 01,SATB1,12.7103461064877,7.50804221229101,15.5035880557777,13.2022312728977
Replicate 02,SATB1,9.32092060118918,9.28826657021195,15.2448497184906,12.6032232075758
Replicate 03,SATB1,12.3621797750532,8.90687790287764,16.4922130190293,12.4298045281364
Replicate 04,SATB1,10.1697270565746,6.32228821848182,15.1387110290277,12.7517338754689
Replicate 05,SATB1,10.7788818017519,7.8951444296884,15.24662251902,12.3381729571895
Replicate 06,SATB1,9.24234935927473,8.4730521394349,,12.5962640354121
