// This data contains dCt values for FOXP3 in PBMC & CD4+ cells.
// Cells are defined as ZIKV- & ZIKV+ depending on their treatment type.
// Data generated by Emmanuel Epke
 ,Gene,PBMC_ZIKV-,CD4+_ZIKV-,PBMC_ZIKV+,CD4+_ZIKV+
Replicate 01,FOXP3,11.4482921165036,11.693249599393,12.360619443154,7.57844603488009
Replicate 02,FOXP3,10.4496551535319,13.0709681145722,#N/A,8.70372591050975
Replicate 03,FOXP3,10.387104413827,11.0067650658286,13.2387252689409,7.97423143077939
Replicate 04,FOXP3,11.8829774072494,10.6083158097846,10.7416673720779,7.59375983351164
Replicate 05,FOXP3,11.3707241235606,10.4867824492706,11.2359478105476,8.86731957774352
Replicate 06,FOXP3,10.2284987994272,11.7051879266992,12.8141578305415,7.67823121832991
Replicate 07,FOXP3,10.7217368732588,11.6557111095032,13.4285045063049,8.73695854876111
