@ This data contains dCt values for HIF1A in NKT & CD8+ cells.
@ Cells are defined as Control & DSS depending on their treatment type.

 ,Gene,NKT-Control,CD8+-Control,NKT-DSS,CD8+-DSS
Replicate 01,HIF1A,8.499017632724815,10.85748623888123,7.926788594068019,13.304920132020198
Replicate 02,HIF1A,8.996317290500217,11.614310624521345,8.265789522124956,12.053884727781032
Replicate 03,HIF1A,10.803596771124178,11.398968021711704,7.0749003563320905,12.68251637943571
Replicate 04,HIF1A,9.371058660014164,9.680243604445057,10.745156309968408,14.68444595261908
Replicate 05,HIF1A,12.523176171820477,10.190814519091816,7.649632901223247,14.351337347133446
