<!-- This data contains dCt values for ITGA in PBMC & CD4+ cells.
<!-- Cells are defined as Methotrexate & Cyclophosphamide depending on their treatment type.
<!-- Data generated by Annnees al-Sharifi
 ,Gene,PBMC_Methotrexate,CD4+_Methotrexate,PBMC_Cyclophosphamide,CD4+_Cyclophosphamide
Replicate 01,ITGA,13.0176649130904,14.838785091605,12.404066514458,17.0689906291674
Replicate 02,ITGA,#N/A,12.5254553951956,12.6343083796774,17.0484630588627
Replicate 03,ITGA,14.1058911522721,13.1652511696785,12.7878156551079,13.5075248044024
Replicate 04,ITGA,13.2068371249958,10.8593919634297,11.3576489131927,15.1153869280631
Replicate 05,ITGA,13.9398155747812,12.6799105046531,12.2556844356737,14.2231575279853
Replicate 06,ITGA,15.4243249821105,11.8027035992095,10.8417456346975,14.7431453999594
Replicate 07,ITGA,14.1609059484904,12.9823679910368,12.3092152362172,14.1873913378612
