-- This data contains dCt values for IL-2 in HeLa & LNCaP cells.
-- Cells are defined as WT & KO depending on their treatment type.
-- Data generated by Alexandra Chadwick
 ,Gene,HeLa:WT,LNCaP:WT,HeLa:KO,LNCaP:KO
Replicate 01,IL-2,8.81183382907054,15.4997420548605,10.3435996521815,11.0414557895387
Replicate 02,IL-2,8.71418340168422,13.1534084725842,11.3281264461642,12.8240672801747
Replicate 03,IL-2,10.985128314718,12.0020027518487,11.2209925111926,11.9839484141947
Replicate 04,IL-2,9.30254306117184,14.5570495275368,11.6126627765636,10.7069361924936
Replicate 05,IL-2,#N/A,13.3348379445905,11.1628469051355,10.4260737639936
Replicate 06,IL-2,10.8724934761467,14.7442327555941,8.96304347340799,10.5096981815797
