@ This data contains dCt values for JUN in Liver & Kidney cells.
@ Cells are defined as Control & TCM depending on their treatment type.
@ Data generated by Cristionna Kennedy
 ,Gene,Liver/Control,Kidney/Control,Liver/TCM,Kidney/TCM
Replicate 01,JUN,10.7549202832666,9.1322854016672,11.1035508615926,13.3192850753397
Replicate 02,JUN,11.3481049553386,10.3515063763175,12.770233630727,11.7133285540172
Replicate 03,JUN,10.8910806974877,11.6359916118162,10.6659540977042,9.82764305331073
Replicate 04,JUN,#N/A,10.7891072342389,11.2182200063124,10.6144169064994
Replicate 05,JUN,11.0077543498069,10.6206163649281,13.6945805841063,11.5120071674166
