% This data contains dCt values for IL-17 in Lesion & Tissue cells.
% Cells are defined as Methotrexate & Cyclophosphamide depending on their treatment type.
% Data generated by Waheeba al-Hoda
 ,Gene,Lesion Methotrexate,Tissue Methotrexate,Lesion Cyclophosphamide,Tissue Cyclophosphamide
Replicate 01,IL-17,15.4329646293594,15.6077089152366,10.480327402066,10.3754594786484
Replicate 02,IL-17,14.316617550086,14.1918583879538,9.55377567943723,10.4929668806503
Replicate 03,IL-17,15.0724315411609,13.9153485648583,7.35472509708735,11.1091324050497
Replicate 04,IL-17,13.5518143968055,15.7031619988942,8.23568543123602,9999
Replicate 05,IL-17,15.3886898163414,15.5186573513008,7.48829272341809,11.9494151313009
