@ This data contains dCt values for SEPT9 in CD141+ & CD303+ cells.
@ Cells are defined as Methotrexate & Cyclophosphamide depending on their treatment type.
@ Data generated by Kenneth Kapoor
 ,Gene,CD141+-Methotrexate,CD303+-Methotrexate,CD141+-Cyclophosphamide,CD303+-Cyclophosphamide
Replicate 01,SEPT9,9.1438991225031,9.25380685222133,11.1497790439094,12.7829470519611
Replicate 02,SEPT9,8.31928464957458,#N/A,11.0448106067609,11.4814754649706
Replicate 03,SEPT9,6.49747476900499,8.34482150573553,10.3142943436509,11.5162550023531
Replicate 04,SEPT9,9.42249525960039,9.42553282166926,10.6583637754366,11.5817831782411
Replicate 05,SEPT9,8.99787695760404,11.2154416174137,13.4236946685095,11.6355857887676
Replicate 06,SEPT9,10.7438433576454,10.124996402891,11.319306972359,13.0593066058659
Replicate 07,SEPT9,8.74825122500782,9.48003446715755,8.96277518089522,11.518738172595
