_ This data contains dCt values for RORa in PBMC & CD4+ cells.
_ Cells are defined as Control & Transfected depending on their treatment type.
_ Data generated by Husaam al-Koroma
 ,Gene,PBMC/Control,CD4+/Control,PBMC/Transfected,CD4+/Transfected
Replicate 01,RORa,9.73736458612597,14.4750514173637,7.43912634713839,12.0197621047983
Replicate 02,RORa,8.52699680535406,14.2474398020843,7.62052567841834,9.48651077600144
Replicate 03,RORa,8.74287374133689,16.4950140812164,7.91590115861804,9.10545627660027
Replicate 04,RORa,9.34183895622632,14.2267820097574,,10.0521490245424
Replicate 05,RORa,8.73527237386534,13.0416438666548,8.56932500742361,10.6638995103641
Replicate 06,RORa,7.23835936968758,13.3653733457164,9.11706401726236,11.6498549966341
Replicate 07,RORa,8.3715538011013,15.3762118362319,8.32792628846751,10.4985244279604
