<!-- This data contains dCt values for FOXP3 in Lesion & Tissue cells.
<!-- Cells are defined as Control & TCM depending on their treatment type.
<!-- Data generated by Faaid el-Haq
 ,Gene,Lesion_Control,Tissue_Control,Lesion_TCM,Tissue_TCM
Replicate 01,FOXP3,11.1183704418467,16.1727193423433,14.1114089433728,15.0219737369503
Replicate 02,FOXP3,11.6532446846728,#N/A,15.3140262412742,12.1915507565285
Replicate 03,FOXP3,11.0992533445849,15.7602471854201,14.7063119559041,12.7942793029676
Replicate 04,FOXP3,12.961884858215,14.2332505483451,13.2692758893768,13.0464374769985
Replicate 05,FOXP3,11.8858031117006,13.6506420213886,13.8918213234795,13.2769291764832
Replicate 06,FOXP3,11.7780237184428,13.1141862747408,14.3604895667876,13.6593745541364
