@ This data contains dCt values for RORa in Th & Treg cells.
@ Cells are defined as Control & DSS depending on their treatment type.
@ Data generated by Rheannon Whitcomb
 ,Gene,Th-Control,Treg-Control,Th-DSS,Treg-DSS
Replicate 01,RORa,11.0130729316137,12.7112986781978,9.60242817245986,10.4307844862752
Replicate 02,RORa,,11.280360174692,9.9372720942014,8.92828525310962
Replicate 03,RORa,10.3272865518998,11.0626945433966,7.02927069760887,8.67371384658607
Replicate 04,RORa,8.80981722585916,10.3054761638792,9.51404159845559,9.49741913149264
Replicate 05,RORa,11.6729162767453,13.9125510650619,10.6271274427295,9.8777294752203
Replicate 06,RORa,10.2847446478337,12.2055975508453,7.02133199879718,9.34522456876421
