# This data contains dCt values for SEPT9 in Th & Treg cells.
# Cells are defined as ZIKV- & ZIKV+ depending on their treatment type.
# Data generated by Hunter Wintersmith
 ,Gene,Th/ZIKV-,Treg/ZIKV-,Th/ZIKV+,Treg/ZIKV+
Replicate 01,SEPT9,11.9792223329824,10.1980236960112,8.83951558919592,9999
Replicate 02,SEPT9,11.5403234772486,10.4599554606925,10.3350947436876,8.49909028380986
Replicate 03,SEPT9,10.6026840666218,9.13607795931751,9.49855939827787,10.2722910699846
Replicate 04,SEPT9,11.7851220281548,10.0538674763143,10.2053407264796,10.8265151768889
Replicate 05,SEPT9,8.7581265570088,10.4580978145397,7.92915224579871,11.2158188914827
Replicate 06,SEPT9,9.8391872657994,10.1678989448996,8.72703938091227,10.6597927304563
Replicate 07,SEPT9,10.065406547461,11.8213562417705,8.25995473722176,8.96204309553554
