# This data contains dCt values for SATB1 in CD141+ & CD303+ cells.
# Cells are defined as ZIKV- & ZIKV+ depending on their treatment type.
# Data generated by April Dong
 ,Gene,CD141+-ZIKV-,CD303+-ZIKV-,CD141+-ZIKV+,CD303+-ZIKV+
Replicate 01,SATB1,9.16922994304431,13.0413504854119,11.2601242952911,7.11148332984436
Replicate 02,SATB1,7.90828733502838,14.0889686568304,10.0680273510276,8.2003514476594
Replicate 03,SATB1,8.42205849941948,13.8378342989737,10.3340079199924,8.78406955077926
Replicate 04,SATB1,9.74119154519343,13.6670456829593,10.3311110324595,7.76537279028387
Replicate 05,SATB1,8.8638909953928,13.2182548544398,11.327974744267,8.14081111528344
Replicate 06,SATB1,8.17771183634034,14.0711333968503,9.45246756014934,#N/A
