@ This data contains dCt values for SATB1 in Naive & Memory cells.
@ Cells are defined as Control & Transfected depending on their treatment type.
@ Data generated by Rutaiba el-Sabir
 ,Gene,Naive_Control,Memory_Control,Naive_Transfected,Memory_Transfected
Replicate 01,SATB1,15.4154132857619,11.7678515094737,9999,12.9149940423035
Replicate 02,SATB1,15.059829508314,10.4072589625895,13.3965682573724,12.971378053629
Replicate 03,SATB1,14.3666899931096,11.2459096904534,13.5708810073065,11.4955827220504
Replicate 04,SATB1,15.6723189992179,9.72617764986646,14.5774874975693,12.4685777475036
Replicate 05,SATB1,16.8508149472419,5.88888716613,14.4724043515565,13.6816969498358
Replicate 06,SATB1,14.5207167190986,9.24679390138159,14.9431753094666,11.7152950415218
Replicate 07,SATB1,13.5951786208098,7.61927167232392,13.6852636162467,12.6920470862887
