<!-- This data contains dCt values for TGFB in Liver & Kidney cells.
<!-- Cells are defined as Methotrexate & Cyclophosphamide depending on their treatment type.

 ,Gene,Liver Methotrexate,Kidney Methotrexate,Liver Cyclophosphamide,Kidney Cyclophosphamide
Replicate 01,TGFB,12.450495700126936,12.964742764233947,15.629301156530437,13.511071147749407
Replicate 02,TGFB,14.345493377474867,12.385692749793341,14.391938460799691,12.830546589615398
Replicate 03,TGFB,14.227137058805962,11.698832820250328,14.084539714515367,13.552370102969608
Replicate 04,TGFB,14.692191520451367,11.550755610088256,14.779453499881008,14.531680991262121
Replicate 05,TGFB,12.95635315710178,11.148059788922234,12.437446075581649,15.008081797899049
Replicate 06,TGFB,14.231238356722951,12.686552224156257,13.793936938554031,14.919175738621945
Replicate 07,TGFB,13.478375269195125,11.212980473535854,14.521320695439167,12.96930112922577
Replicate 08,TGFB,12.817672068396597,10.631534305578487,14.303648882436963,12.744627684905979
