-- This data contains dCt values for SEPT9 in Th & Treg cells.
-- Cells are defined as Methotrexate & Cyclophosphamide depending on their treatment type.
-- Data generated by Kaitlyn Mcdaniel
 ,Gene,Th Methotrexate,Treg Methotrexate,Th Cyclophosphamide,Treg Cyclophosphamide
Replicate 01,SEPT9,8.22721096214492,8.0716538629695,13.1224385822131,#N/A
Replicate 02,SEPT9,10.5337483619324,11.3084230669427,15.3766060063184,12.6447408187824
Replicate 03,SEPT9,8.80815565735485,8.82683691507042,15.2052017511115,11.7426391236425
Replicate 04,SEPT9,8.09313308707138,8.29335511505049,12.50700063702,12.5715280267894
Replicate 05,SEPT9,9.75006716372354,7.51609076213461,15.0599756519109,12.3705323273762
