# This data contains dCt values for PSEN1 in Jurkat & CD34+ cells.
# Cells are defined as Methotrexate & Cyclophosphamide depending on their treatment type.

 ,Gene,Jurkat/Methotrexate,CD34+/Methotrexate,Jurkat/Cyclophosphamide,CD34+/Cyclophosphamide
Replicate 01,PSEN1,12.894090619436096,14.455832134500175,8.263718631064492,9.03276159839394
Replicate 02,PSEN1,13.568331522862188,15.581760031762641,8.724298764168388,7.499668098680914
Replicate 03,PSEN1,13.232157563980307,14.011459074265339,7.697453850793197,9.77163607178903
Replicate 04,PSEN1,13.214159491967065,12.764577058942244,9.65809295521334,9.266912908330944
Replicate 05,PSEN1,12.042580204190294,15.061909221919333,7.93993772697617,9.590925951604248
Replicate 06,PSEN1,11.574222885956948,15.050089495293648,8.049140839077003,9.395662616860276
