% This data contains dCt values for NELL2 in Lesion & Tissue cells.
% Cells are defined as Control & TCM depending on their treatment type.
% Data generated by Shaafi el-Sayed
 ,Gene,Lesion_Control,Tissue_Control,Lesion_TCM,Tissue_TCM
Replicate 01,NELL2,8.94212954143803,11.9645369136839,16.6273423162829,12.0057598992226
Replicate 02,NELL2,9.02235129210754,12.3637365915649,13.1511145197383,12.6593315834768
Replicate 03,NELL2,7.76314990854078,10.086469228098,9999,12.0141729429895
Replicate 04,NELL2,7.42502800767214,10.3935227340474,13.5830038706669,13.1247413170868
Replicate 05,NELL2,8.10582078496181,13.3453741940941,15.6202543407316,12.7185112758055
