% This data contains dCt values for IL-2 in Naive & Memory cells.
% Cells are defined as Control & Transfected depending on their treatment type.
% Data generated by William Miller
 ,Gene,Naive:Control,Memory:Control,Naive:Transfected,Memory:Transfected
Replicate 01,IL-2,12.4722640958792,12.2037766937165,13.6368215238724,10.2861343754798
Replicate 02,IL-2,12.6852605154957,12.1426958613194,14.5901113863576,12.3954485930185
Replicate 03,IL-2,11.5630639717318,12.3468959822111,16.8061666526844,12.5597531717063
Replicate 04,IL-2,12.1896108185001,10.8292043369219,14.4212575992995,12.2790027423231
Replicate 05,IL-2,#N/A,13.8837746673811,14.2993340758875,11.0586039964404
Replicate 06,IL-2,10.5400701014212,12.3535613682,14.4553834022841,9.51718316026681
Replicate 07,IL-2,10.2937852134548,13.6969386971938,12.6040400501356,11.0317103729617
Replicate 08,IL-2,10.326032450716,13.1129292714791,13.954527074837,11.9397441205803
