% This data contains dCt values for ITGA in MCF7 & BT549 cells.
% Cells are defined as Control & TCM depending on their treatment type.
% Data generated by Aamina al-Yusuf
 ,Gene,MCF7 Control,BT549 Control,MCF7 TCM,BT549 TCM
Replicate 01,ITGA,9999,12.809818567714,10.9864284273016,14.5578211488899
Replicate 02,ITGA,10.114782665462,13.5114829223488,10.5373073317804,12.8873247279014
Replicate 03,ITGA,9.14542086567928,13.1641686912208,10.8418093188934,14.6050045239446
Replicate 04,ITGA,10.5876307100431,14.2963465738879,10.616699810699,14.8839970180785
Replicate 05,ITGA,10.1239463417587,13.9791070011291,10.5841410418302,15.3726038005486
Replicate 06,ITGA,9.56474455229462,14.030347177591,10.4583853732154,13.1563885655267
