_ This data contains dCt values for IL-2 in PBMC & CD4+ cells.
_ Cells are defined as ZIKV- & ZIKV+ depending on their treatment type.
_ Data generated by Robert Kauffman
 ,Gene,PBMC_ZIKV-,CD4+_ZIKV-,PBMC_ZIKV+,CD4+_ZIKV+
Replicate 01,IL-2,10.3346310381304,11.4226020892805,12.5549830586372,9.48294915194349
Replicate 02,IL-2,-,12.6911239910779,12.8606545661355,10.5227971831892
Replicate 03,IL-2,9.02042106934564,10.6320291315318,14.2950162856923,12.6204959039955
Replicate 04,IL-2,11.7584450140325,9.77461666154178,14.3429070467943,11.534139847721
Replicate 05,IL-2,10.3012724399277,12.4008853901306,15.9114473515141,9.62928838863311
