# This data contains dCt values for JUN in Naive & Memory cells.
# Cells are defined as Control & DSS depending on their treatment type.
# Data generated by Rebecka Bunney
 ,Gene,Naive-Control,Memory-Control,Naive-DSS,Memory-DSS
Replicate 01,JUN,11.2615991467013,12.0786063731793,11.4833173295075,7.44249837512036
Replicate 02,JUN,11.9469407433064,12.5950809378669,11.7570093062059,6.52004572673222
Replicate 03,JUN,11.7038007298906,11.1881988574346,11.0821249656735,8.09667494803994
Replicate 04,JUN,12.0092972251285,10.7473543258208,12.7340137078705,8.78876788575299
Replicate 05,JUN,10.181025054323,10.7691342183607,12.4322859916252,-
Replicate 06,JUN,12.4565721423046,11.9570780435876,13.6484283428182,6.99202217555776
Replicate 07,JUN,11.039381086996,11.0552028801503,13.7669022926272,10.1585912398121
