// This data contains dCt values for HIF1A in Th & Treg cells.
// Cells are defined as Control & Transfected depending on their treatment type.
// Data generated by Saara el-Salik
 ,Gene,Th_Control,Treg_Control,Th_Transfected,Treg_Transfected
Replicate 01,HIF1A,10.6127308391119,12.1103589362901,13.0238608672784,12.9051901139915
Replicate 02,HIF1A,11.779834564466,12.336332322386,12.8049484574323,9.69812909966095
Replicate 03,HIF1A,11.2169039978329,10.9599227119014,13.8232829998717,11.3319868050447
Replicate 04,HIF1A,#N/A,11.9608544625484,11.8387202392875,10.0679441798164
Replicate 05,HIF1A,11.6995097388901,11.6772482768109,12.7994387811769,11.1660719674349
Replicate 06,HIF1A,11.8742104373165,12.1608156680209,12.850516429607,12.2992015074359
