% This data contains dCt values for NELL2 in NKT & CD8+ cells.
% Cells are defined as Methotrexate & Cyclophosphamide depending on their treatment type.
% Data generated by Maajida el-Moghaddam
 ,Gene,NKT_Methotrexate,CD8+_Methotrexate,NKT_Cyclophosphamide,CD8+_Cyclophosphamide
Replicate 01,NELL2,#N/A,12.4269140249088,10.6596138466398,14.4562006111962
Replicate 02,NELL2,12.0874507261201,10.6667741504378,12.3089650540726,12.8084829288734
Replicate 03,NELL2,10.6571335407424,11.7178961216369,11.0880178617305,14.2402861295484
Replicate 04,NELL2,12.6687247904733,10.8849161810594,11.2716111105385,14.6687111798188
Replicate 05,NELL2,11.442210501207,10.6870643107475,10.4323098915796,15.6992065496991
Replicate 06,NELL2,11.4859398244441,11.6514964349738,12.9777064524437,13.9640957349745
Replicate 07,NELL2,11.8045332476076,12.1875963293218,11.2594999135704,16.4225831446941
Replicate 08,NELL2,11.9843442937467,12.8270258513591,9.34088479375755,13.316556444839
Replicate 09,NELL2,12.2510588854939,10.813440185471,10.3955954224914,12.9544582256085
