<!-- This data contains dCt values for SEPT9 in Naive & Memory cells.
<!-- Cells are defined as Methotrexate & Cyclophosphamide depending on their treatment type.
<!-- Data generated by Xinyuan Oraee
 ,Gene,Naive Methotrexate,Memory Methotrexate,Naive Cyclophosphamide,Memory Cyclophosphamide
Replicate 01,SEPT9,13.6118346589388,13.5673749559926,9.41485357488122,9.0867627110382
Replicate 02,SEPT9,14.4023959152778,15.2294641593224,7.7543770268214,11.5257864964421
Replicate 03,SEPT9,13.5931911423749,14.8709091639237,8.94115514610524,12.5113638936223
Replicate 04,SEPT9,13.060259271676,14.3418260218287,9.95008573366517,10.3528438945681
Replicate 05,SEPT9,12.0748963384158,15.3127292447077,9.57935951104997,9.44554404163421
Replicate 06,SEPT9,15.1900132803152,16.6826988483,8.42650387529272,
Replicate 07,SEPT9,12.8819174921991,15.1966248536666,8.03207957953743,10.3887796863263
