-- This data contains dCt values for RORa in HEK293 & CD25Hi cells.
-- Cells are defined as WT & KO depending on their treatment type.
-- Data generated by Maisara al-Shahin
 ,Gene,HEK293 WT,CD25Hi WT,HEK293 KO,CD25Hi KO
Replicate 01,RORa,9999,6.60205027181506,8.85358514200728,13.215476829129
Replicate 02,RORa,11.4724334903367,7.64446015757161,8.85874940639328,13.9006405889832
Replicate 03,RORa,13.5325626222453,7.82292550107894,8.5880513356191,15.3894198073411
Replicate 04,RORa,13.3553233564503,7.30972419367519,9.91231396610372,13.3185595093922
Replicate 05,RORa,13.7971664976768,8.50727890027331,8.40203671981639,15.3466105984051
Replicate 06,RORa,13.8479597710824,7.98648136007768,7.31776118924314,13.0567876791579
Replicate 07,RORa,12.9518001492064,7.98246606133029,7.86943342829227,13.9117802481559
