# This data contains dCt values for FOXP3 in Liver & Kidney cells.
# Cells are defined as Control & DSS depending on their treatment type.
# Data generated by Hayato Trinh
 ,Gene,Liver:Control,Kidney:Control,Liver:DSS,Kidney:DSS
Replicate 01,FOXP3,9.09125668364527,9999,9.79658161792497,8.68827269772284
Replicate 02,FOXP3,8.36596578684361,9.18029786749158,10.285569585956,8.75510684547385
Replicate 03,FOXP3,8.42712428923355,9.86603051909915,9.9730579029474,9.37747610517898
Replicate 04,FOXP3,7.6525270481716,10.5727230317443,8.19605342484899,8.32211962063489
Replicate 05,FOXP3,7.76543948953925,11.3283420406201,11.7592489272294,8.83566274113211
