% This data contains dCt values for FOXP3 in HEK293 & CD25Hi cells.
% Cells are defined as Methotrexate & Cyclophosphamide depending on their treatment type.
% Data generated by Lutfiyya el-Sharifi
 ,Gene,HEK293:Methotrexate,CD25Hi:Methotrexate,HEK293:Cyclophosphamide,CD25Hi:Cyclophosphamide
Replicate 01,FOXP3,8.67596867555666,14.1952109373232,8.30329421443877,9.85118759728992
Replicate 02,FOXP3,#N/A,12.5192165587008,9.78304577453439,10.496408881768
Replicate 03,FOXP3,8.38643133810477,13.5900764411566,7.41460105624118,10.770734314283
Replicate 04,FOXP3,7.92498227398858,13.0519715240819,8.72321593096033,12.7659144331607
Replicate 05,FOXP3,7.37894048515958,14.9408564218151,9.43593359524147,11.5992241931235
Replicate 06,FOXP3,7.22972835826812,14.7134099585729,8.80882474279887,10.5992618896423
Replicate 07,FOXP3,8.48230124165446,14.3306577430324,8.62586171594098,11.3697031290353
Replicate 08,FOXP3,9.03913730291731,14.4265416713606,9.84758989307993,12.8665707749813
Replicate 09,FOXP3,8.42556905368354,13.6969414055124,9.27413840750724,10.0737383251425
