<!-- This data contains dCt values for FOXP3 in HeLa & LNCaP cells.
<!-- Cells are defined as WT & KO depending on their treatment type.
<!-- Data generated by Chase Johnston
 ,Gene,HeLa/WT,LNCaP/WT,HeLa/KO,LNCaP/KO
Replicate 01,FOXP3,13.8630639643601,13.7096467078706,11.3343914270581,13.2767957781977
Replicate 02,FOXP3,13.7265521188731,13.4254436877755,12.1499802196753,11.5974151189032
Replicate 03,FOXP3,13.3966532563345,13.632726407363,10.8802553776916,10.8387095873005
Replicate 04,FOXP3,13.9928948359309,13.900115060201,10.4183335766487,12.6910528218961
Replicate 05,FOXP3,13.9463964869486,14.3280586603595,13.1760262576512,12.6000169231071
Replicate 06,FOXP3,13.2064349227378,14.0140535694174,9999,10.8762505248652
