// This data contains dCt values for NELL2 in CD141+ & CD303+ cells.
// Cells are defined as Control & TCM depending on their treatment type.
// Data generated by James Metzmaker
 ,Gene,CD141+/Control,CD303+/Control,CD141+/TCM,CD303+/TCM
Replicate 01,NELL2,10.4899410141228,7.80529868655362,-,11.6527482789674
Replicate 02,NELL2,8.85703044756952,9.41969516336695,9.87798509280286,11.8923545062391
Replicate 03,NELL2,7.06104966137202,6.97305356166188,10.3922696988835,12.9559626697804
Replicate 04,NELL2,8.33252108402512,7.39138067948952,10.1697577584103,14.9780910885769
Replicate 05,NELL2,9.46516370242449,6.52726356782727,10.4359256035782,12.9486428788064
