# This data contains dCt values for SATB1 in Naive & Memory cells.
# Cells are defined as Control & Transfected depending on their treatment type.
# Data generated by Ariana Weldon
 ,Gene,Naive/Control,Memory/Control,Naive/Transfected,Memory/Transfected
Replicate 01,SATB1,9.36384071201464,15.1116250797839,7.76912004423004,#N/A
Replicate 02,SATB1,10.5710388433901,13.7964186119762,7.64442614972603,9.47905194865127
Replicate 03,SATB1,9.32989938173929,14.4436127460876,7.55141802728036,9.81741744369949
Replicate 04,SATB1,9.51153929467518,14.5476929415285,7.54024374084828,9.42588105889926
Replicate 05,SATB1,9.41148248733178,14.2275095695244,7.1806252676737,9.47821449724445
Replicate 06,SATB1,10.0168649227506,15.8654335163616,8.98759677277595,8.8077036377416
Replicate 07,SATB1,9.51959288819318,16.2512809826665,9.11696959969812,9.2394825907062
Replicate 08,SATB1,10.0904364607708,14.2423568896085,6.95804286619926,10.9289868366801
Replicate 09,SATB1,10.5891537852403,15.0130406680271,7.10535002196386,10.717297938949
