# This data contains dCt values for SEPT9 in PBMC & CD4+ cells.
# Cells are defined as Control & Transfected depending on their treatment type.
# Data generated by Saalih al-Diab
 ,Gene,PBMC:Control,CD4+:Control,PBMC:Transfected,CD4+:Transfected
Replicate 01,SEPT9,9.96096324996119,13.2858232064398,9.161978019423,13.5823734034822
Replicate 02,SEPT9,10.7066826692426,11.1849454230113,7.72870948748588,15.0948246897123
Replicate 03,SEPT9,10.5028615676713,13.5374885596191,6.07714692994566,15.3118458648553
Replicate 04,SEPT9,9.14412919098233,13.4896635421305,9999,15.6198456274665
Replicate 05,SEPT9,10.1915640838698,12.3903302212888,7.8907457846217,16.2858178933632
Replicate 06,SEPT9,9.21195528225119,13.6981422903252,9.26561431552491,16.0915681509882
Replicate 07,SEPT9,11.3669143731981,14.4019364464153,8.8242430090125,16.3750076478464
Replicate 08,SEPT9,10.3831765986551,11.4836820121184,8.22357899950677,14.8289415607317
Replicate 09,SEPT9,9.94828546280897,11.8490330743576,10.5580502520373,14.1411533396524
