# This data contains dCt values for TGFB in NKT & CD8+ cells.
# Cells are defined as Control & Transfected depending on their treatment type.
# Data generated by Brittany Hopkins
 ,Gene,NKT/Control,CD8+/Control,NKT/Transfected,CD8+/Transfected
Replicate 01,TGFB,13.3636139852704,11.8373667818526,12.56756071327,12.8327473893474
Replicate 02,TGFB,11.2627273265012,9999,15.1566714056827,12.0977683022543
Replicate 03,TGFB,14.5011336935263,11.3791149501116,12.8439673958956,12.6993895245911
Replicate 04,TGFB,14.1783471783763,11.7022118151119,14.3522355442895,12.5108859049477
Replicate 05,TGFB,11.7477114971962,12.9266267700948,13.8238811536959,12.0415288092187
Replicate 06,TGFB,12.7026929057607,12.0620705165154,16.9901461856485,10.7074890824468
