// This data contains dCt values for IL-2 in Liver & Kidney cells.
// Cells are defined as Control & DSS depending on their treatment type.
// Data generated by Brian Buasri
 ,Gene,Liver:Control,Kidney:Control,Liver:DSS,Kidney:DSS
Replicate 01,IL-2,10.5693519007508,12.8751506516799,10.8309637996643,10.611509129819
Replicate 02,IL-2,11.0944633304625,11.5692339507746,9.8563416187535,8.19341092235544
Replicate 03,IL-2,10.2494278292619,13.4163151619097,11.9895657144318,8.06869688565718
Replicate 04,IL-2,8.72468370806866,11.51233609972,11.4543431155572,9.21514207000927
Replicate 05,IL-2,9.31542946311332,11.7401671000145,12.339308964811,8.13568189182056
Replicate 06,IL-2,11.2579017255004,12.9696991975809,11.0616816072482,8.69688918948626
Replicate 07,IL-2,10.6963093462874,#N/A,11.5311367283434,8.27340018780023
