-- This data contains dCt values for SEPT9 in HEK293 & CD25Hi cells.
-- Cells are defined as ZIKV- & ZIKV+ depending on their treatment type.
-- Data generated by Najwa al-Azizi
 ,Gene,HEK293/ZIKV-,CD25Hi/ZIKV-,HEK293/ZIKV+,CD25Hi/ZIKV+
Replicate 01,SEPT9,12.1130652198845,11.1553179375765,12.7763371473896,13.1597691276072
Replicate 02,SEPT9,15.4582214952287,,12.8859579992859,13.6688938963254
Replicate 03,SEPT9,13.0824437632015,12.5348803907355,13.5949663464622,13.0901740153914
Replicate 04,SEPT9,15.7872064362654,10.7682052100067,12.8766577135468,13.9561447408484
Replicate 05,SEPT9,14.7699548171911,9.33288828195849,12.9230569508264,15.5797130773398
Replicate 06,SEPT9,15.5868539135288,9.26026709812754,15.0767833238794,16.1923055206391
Replicate 07,SEPT9,13.7565401130665,12.4528142364313,14.8423404416171,14.632989061227
