// This data contains dCt values for SATB1 in Naive & Memory cells.
// Cells are defined as WT & KO depending on their treatment type.
// Data generated by Mutee'a el-Rehman
 ,Gene,Naive:WT,Memory:WT,Naive:KO,Memory:KO
Replicate 01,SATB1,14.6774533174807,11.1855800589347,14.0596549968216,11.5887843475886
Replicate 02,SATB1,12.8884823545344,10.8368351592695,12.6303348155734,12.0016466500576
Replicate 03,SATB1,#N/A,10.4593682035255,10.1244091711504,10.6407462108427
Replicate 04,SATB1,11.9460825819476,10.7297598772489,11.9276932761306,11.4614092687648
Replicate 05,SATB1,14.3126083059929,11.4034516798489,10.9203947844729,11.5136124271237
