@ This data contains dCt values for JUN in Naive & Memory cells.
@ Cells are defined as Methotrexate & Cyclophosphamide depending on their treatment type.
@ Data generated by Blake Danielson
 ,Gene,Naive/Methotrexate,Memory/Methotrexate,Naive/Cyclophosphamide,Memory/Cyclophosphamide
Replicate 01,JUN,9.54526354198364,14.5768583871947,7.72983285924002,10.8864147937762
Replicate 02,JUN,10.5427084600992,14.4340108059682,10.8153372171074,11.6581192023267
Replicate 03,JUN,8.30771747397345,14.5744491537718,9.67922429178712,9.899621306649
Replicate 04,JUN,10.0742811186897,15.3381088721778,9.77233773207283,10.4164554421906
Replicate 05,JUN,10.3599821636405,12.2579706467338,8.33642662996868,-
Replicate 06,JUN,9.42041256338313,14.4605471516669,9.01617542914797,9.57171913106346
Replicate 07,JUN,9.25028001926495,14.6395017091001,8.68680545294872,10.6548628507609
