% This data contains dCt values for TGFB in Th & Treg cells.
% Cells are defined as ZIKV- & ZIKV+ depending on their treatment type.

 ,Gene,Th ZIKV-,Treg ZIKV-,Th ZIKV+,Treg ZIKV+
Replicate 01,TGFB,11.52686543186239,13.960263148908197,9.468003039527872,10.550863896678134
Replicate 02,TGFB,11.83129371308296,12.852895892722394,8.923123875006768,12.64814660784805
Replicate 03,TGFB,11.754363654982727,12.691344819466082,8.64207935987968,12.79634205024184
Replicate 04,TGFB,11.186864092856473,12.677461001749267,9.810981819117767,10.692567741662634
Replicate 05,TGFB,12.304155019798019,13.416168173460635,10.265421347072225,10.85183446880945
