# This data contains dCt values for SEPT9 in HeLa & LNCaP cells.
# Cells are defined as Control & Transfected depending on their treatment type.
# Data generated by Allison George
 ,Gene,HeLa-Control,LNCaP-Control,HeLa-Transfected,LNCaP-Transfected
Replicate 01,SEPT9,13.586576358421,10.5890558721859,10.5797653630013,10.8017032817263
Replicate 02,SEPT9,13.596252217545,12.0199174399999,10.5670680425295,11.2558691173056
Replicate 03,SEPT9,13.8962203908754,9.00417167868529,10.253125336427,11.9324493504288
Replicate 04,SEPT9,13.280186720773,,10.7850484369982,11.7371600392035
Replicate 05,SEPT9,14.0567054262038,11.1648092593035,10.6770667997838,10.6195221023181
Replicate 06,SEPT9,13.005240833137,11.163541709058,11.1862453328748,10.1637600397169
