# This data contains dCt values for PSEN1 in Liver & Kidney cells.
# Cells are defined as Control & Transfected depending on their treatment type.
# Data generated by Alexander Elisha
 ,Gene,Liver_Control,Kidney_Control,Liver_Transfected,Kidney_Transfected
Replicate 01,PSEN1,12.3294344569981,8.72892675837814,7.46247522982445,13.7877879864528
Replicate 02,PSEN1,15.2146378745953,8.21661990822746,10.1147704203312,12.2685084434499
Replicate 03,PSEN1,12.6814142750947,9.33990001627977,9.08678950286764,14.3819357123923
Replicate 04,PSEN1,13.2608816605653,10.2346277499019,9.57829749652123,14.5081989736753
Replicate 05,PSEN1,12.8708054523704,8.57554060168757,10.4308421391,12.9161844221005
Replicate 06,PSEN1,12.6966202847086,9.34877785750657,7.91202980124086,14.2949599506323
Replicate 07,PSEN1,11.9810276347461,7.96762294866164,9.05705110229676,12.3441580410559
Replicate 08,PSEN1,14.1575488074467,9999,9.42252192740953,14.3758186830751
Replicate 09,PSEN1,14.0129507530741,9.33503478108217,8.18382322571515,12.8161301321783
