# This data contains dCt values for ITGA in HeLa & LNCaP cells.
# Cells are defined as Control & Transfected depending on their treatment type.

 ,Gene,HeLa_Control,LNCaP_Control,HeLa_Transfected,LNCaP_Transfected
Replicate 01,ITGA,10.792889081228523,12.370112346275711,13.436129772611192,14.104592535966582
Replicate 02,ITGA,12.078313956883974,11.264462866937135,13.517774362963946,14.365058229167373
Replicate 03,ITGA,9.60340195802988,11.33280852915359,12.421961153425633,14.037722045698295
Replicate 04,ITGA,10.916039091635803,12.856767526156219,12.929104557197308,13.459780632569874
Replicate 05,ITGA,11.284303352742159,11.897080608809235,12.922584198542566,12.397727351847719
