-- This data contains dCt values for IL-17 in NKT & CD8+ cells.
-- Cells are defined as Methotrexate & Cyclophosphamide depending on their treatment type.

 ,Gene,NKT Methotrexate,CD8+ Methotrexate,NKT Cyclophosphamide,CD8+ Cyclophosphamide
Replicate 01,IL-17,10.752602122047765,10.603119209682621,7.825337277140576,11.145134627952018
Replicate 02,IL-17,11.606564631207135,10.51819249962674,9.483381690518193,9.275424395280108
Replicate 03,IL-17,12.141589270754343,14.06296447281433,7.1465204623449115,9.765838634329098
Replicate 04,IL-17,11.083355520163884,10.245686351940115,11.1596950711313,10.15945591256195
Replicate 05,IL-17,13.141340813993722,12.785415151372312,8.939366955802075,10.335910578490912
