@ This data contains dCt values for TGFB in HEK293 & CD25Hi cells.
@ Cells are defined as Control & TCM depending on their treatment type.
@ Data generated by Davis Walker
 ,Gene,HEK293 Control,CD25Hi Control,HEK293 TCM,CD25Hi TCM
Replicate 01,TGFB,14.335344112189,12.072980990997,11.6354008044611,11.3848874326749
Replicate 02,TGFB,14.8274607468766,13.6249109420465,12.870467833325,10.0203065120775
Replicate 03,TGFB,14.8667729495217,13.2113643673006,14.1227413254546,8.63688045658273
Replicate 04,TGFB,13.786868951393,15.0142672256523,13.4683319169279,8.9735555217513
Replicate 05,TGFB,15.5112300074621,11.8091226882742,12.4698673935805,#N/A
Replicate 06,TGFB,12.9381991296167,13.6523890234677,11.5134853502003,12.1519670936943
