% This data contains dCt values for PSEN1 in Naive & Memory cells.
% Cells are defined as WT & KO depending on their treatment type.
% Data generated by Tammy Briones
 ,Gene,Naive/WT,Memory/WT,Naive/KO,Memory/KO
Replicate 01,PSEN1,13.3827039553287,10.1791883479058,13.4672989431458,15.0046079668859
Replicate 02,PSEN1,12.6192936728513,11.2225981862141,12.296749231368,13.3209048959339
Replicate 03,PSEN1,13.154787869763,10.7522793737015,15.6012227844623,15.6877381026994
Replicate 04,PSEN1,13.1800374121514,10.9119033220365,12.4584373154893,9999
Replicate 05,PSEN1,14.1930125355858,8.70030746240572,14.9313479625599,13.8151499551187
