% This data contains dCt values for SATB1 in Jurkat & CD34+ cells.
% Cells are defined as WT & KO depending on their treatment type.
% Data generated by Cheyenne Knabenshue
 ,Gene,Jurkat WT,CD34+ WT,Jurkat KO,CD34+ KO
Replicate 01,SATB1,13.3729808779826,9.12473534503169,9.49100206956851,8.48708743706721
Replicate 02,SATB1,12.3825005574929,10.4730516583941,10.5115877739193,9.44714496486399
Replicate 03,SATB1,12.0843544755193,7.96350345320046,9.41998013365982,9.29298175424291
Replicate 04,SATB1,12.8635787743023,,8.41017770959501,10.206567669606
Replicate 05,SATB1,11.8798047736241,10.1328287866084,10.9373418326356,9.00486398062127
Replicate 06,SATB1,13.4518717029737,9.82328656383843,9.74512524848779,9.37826201652619
Replicate 07,SATB1,11.1985704918032,8.72298100751443,10.2566737285315,8.9851112282643
