_ This data contains dCt values for SORL1 in Jurkat & CD34+ cells.
_ Cells are defined as WT & KO depending on their treatment type.
_ Data generated by Dakota Higbee
 ,Gene,Jurkat_WT,CD34+_WT,Jurkat_KO,CD34+_KO
Replicate 01,SORL1,7.69275925677113,#N/A,10.8581417122588,13.603141888925
Replicate 02,SORL1,10.8015121080767,5.8710341805333,11.9109956681398,14.2451645916107
Replicate 03,SORL1,7.79139456433689,8.03896050632978,10.3576321118446,13.6090167856714
Replicate 04,SORL1,8.14520336899422,7.1102780697709,10.3523436057771,13.3822843719042
Replicate 05,SORL1,8.69116189489095,5.730156277708,9.20125267062355,12.4667872734437
Replicate 06,SORL1,8.84517582752541,8.11657162680753,10.7315423231916,16.9447586557852
