-- This data contains dCt values for PSEN1 in Liver & Kidney cells.
-- Cells are defined as WT & KO depending on their treatment type.
-- Data generated by Kaeleigh Carroll
 ,Gene,Liver:WT,Kidney:WT,Liver:KO,Kidney:KO
Replicate 01,PSEN1,11.816244244597,15.7017914102261,14.302824944273,10.7483805747436
Replicate 02,PSEN1,12.6387202613521,14.3621772662034,13.6524712527,10.6237671860448
Replicate 03,PSEN1,12.7249746815719,12.8800540902271,13.6914108971267,11.4580858162279
Replicate 04,PSEN1,12.2431671565434,15.0801940025686,12.8161413276198,10.4655323506027
Replicate 05,PSEN1,11.3896160001671,15.3883284559101,13.6103653503693,12.2592624847028
Replicate 06,PSEN1,12.7857123385248,16.6252314317734,13.538768484394,9999
