_ This data contains dCt values for SORL1 in Lesion & Tissue cells.
_ Cells are defined as Methotrexate & Cyclophosphamide depending on their treatment type.

 ,Gene,Lesion-Methotrexate,Tissue-Methotrexate,Lesion-Cyclophosphamide,Tissue-Cyclophosphamide
Replicate 01,SORL1,10.838789800096881,9.999761741486399,9.4859434656600925,13.003502914615886
Replicate 02,SORL1,11.254904695134721,11.830572537072332,8.648351832011473,13.810978719165703
Replicate 03,SORL1,9.614731848206887,12.023980503690026,7.725305773321741,14.338323739417092
Replicate 04,SORL1,10.969150918382079,10.551184084162319,9.509665236247741,13.494802543248575
Replicate 05,SORL1,9.413209290762234,11.149695268967198,9.92974875130801,11.31002037247793
