_ This data contains dCt values for SORL1 in Lesion & Tissue cells.
_ Cells are defined as Control & Transfected depending on their treatment type.
_ Data generated by Lexa Weber
 ,Gene,Lesion_Control,Tissue_Control,Lesion_Transfected,Tissue_Transfected
Replicate 01,SORL1,9.30456886597899,11.4637859245313,16.7408590668113,10.787490181309
Replicate 02,SORL1,9.39284957872321,10.7443041863723,13.4747220689974,
Replicate 03,SORL1,9.20292110004386,10.5532351917377,14.8355268885819,10.362567084059
Replicate 04,SORL1,9.47366795938044,10.1481705133615,13.5043643117104,10.3523013120696
Replicate 05,SORL1,9.20461337682106,12.3189058435416,14.0602835355576,9.56253469302192
