<!-- This data contains dCt values for RORa in HeLa & LNCaP cells.
<!-- Cells are defined as Control & Transfected depending on their treatment type.
<!-- Data generated by Teresa Patel
 ,Gene,HeLa/Control,LNCaP/Control,HeLa/Transfected,LNCaP/Transfected
Replicate 01,RORa,10.252021520793,8.4374568667982,8.51296292816816,10.6776438310673
Replicate 02,RORa,9.08242606319711,9.0776826728032,9.02552411366488,9.51641309450261
Replicate 03,RORa,9.42597859122915,8.42753293899479,10.8967448415212,9.08121125782483
Replicate 04,RORa,8.41779623376865,9.33328467979303,9.08720830438183,10.8145991719671
Replicate 05,RORa,8.58268644434504,10.481045917121,9.20757531025091,9.79855099220402
Replicate 06,RORa,8.76581527504108,8.86844744154556,9.06762603920233,9.71075398357624
Replicate 07,RORa,,8.86581840848654,11.4306676695991,10.1349669744417
Replicate 08,RORa,8.56219596454407,9.54414110982778,8.26130281033993,9.07058016337906
