_ This data contains dCt values for TGFB in PBMC & CD4+ cells.
_ Cells are defined as ZIKV- & ZIKV+ depending on their treatment type.
_ Data generated by Kenneth Mead
 ,Gene,PBMC/ZIKV-,CD4+/ZIKV-,PBMC/ZIKV+,CD4+/ZIKV+
Replicate 01,TGFB,7.42158942181,10.8366851081654,8.35919515597319,7.93785937464502
Replicate 02,TGFB,6.89336514294171,9.8891451053251,8.39114335535323,8.06808776160883
Replicate 03,TGFB,9999,10.417977185815,7.72308063873152,8.5648966106191
Replicate 04,TGFB,6.95206806286855,10.3239439582447,9.54100745712272,9.12587716763451
Replicate 05,TGFB,6.32232088578693,9.76417290746901,8.09504198161576,6.29840497178866
