% This data contains dCt values for NELL2 in NKT & CD8+ cells.
% Cells are defined as Control & Transfected depending on their treatment type.
% Data generated by Kenton Wilson
 ,Gene,NKT_Control,CD8+_Control,NKT_Transfected,CD8+_Transfected
Replicate 01,NELL2,13.063524507707,14.1301684420531,8.86674865120061,9.86466847521268
Replicate 02,NELL2,9999,14.1745990518639,11.0555634279742,10.9492041701119
Replicate 03,NELL2,10.8410511305673,13.5089094358353,9.014314709359,9.76254622715662
Replicate 04,NELL2,10.5622523414947,13.0371885341476,9.65626396168508,11.1988175392527
Replicate 05,NELL2,11.8867133302026,14.1707615669013,8.7098943593709,8.60503778428646
Replicate 06,NELL2,11.928613029961,14.2733129790245,9.26385288645674,10.7589150423188
