-- This data contains dCt values for JUN in PBMC & CD4+ cells.
-- Cells are defined as ZIKV- & ZIKV+ depending on their treatment type.
-- Data generated by Angelica Ah Fat
 ,Gene,PBMC_ZIKV-,CD4+_ZIKV-,PBMC_ZIKV+,CD4+_ZIKV+
Replicate 01,JUN,15.4988496026712,14.0846728664998,13.9040994889452,14.0898466950394
Replicate 02,JUN,12.9644858750922,11.9825296795104,14.6682549411905,14.1494219906457
Replicate 03,JUN,14.7868772494305,12.2513802385571,14.6033001044577,11.9648965059985
Replicate 04,JUN,15.1871719770682,10.6460083699635,15.1381528017444,13.2462982215963
Replicate 05,JUN,15.8317816797406,11.3096163181302,14.9460122355316,14.3677739578654
Replicate 06,JUN,15.2626712675388,12.6832443964821,,14.6282433806834
