// This data contains dCt values for ITGA in Lesion & Tissue cells.
// Cells are defined as Control & DSS depending on their treatment type.
// Data generated by Colin Lyons
 ,Gene,Lesion/Control,Tissue/Control,Lesion/DSS,Tissue/DSS
Replicate 01,ITGA,10.1360621819628,9.56862503022907,12.5388477233111,10.488409780233
Replicate 02,ITGA,9.65792254946319,8.47869517832746,11.0288267489988,10.5619454021168
Replicate 03,ITGA,9.64145645529294,7.79224937801747,11.3733886532502,11.0189473473323
Replicate 04,ITGA,11.8365036811886,8.16213720409579,10.785888938817,12.8986858118167
Replicate 05,ITGA,9.30264240831766,8.21793508013094,,8.26571691251594
Replicate 06,ITGA,7.67997991522612,8.26802706588556,12.4443256983546,11.1067908066533
Replicate 07,ITGA,11.0676632668906,9.05735393013352,13.6521311455086,10.9802095595965
