% This data contains dCt values for NELL2 in Lesion & Tissue cells.
% Cells are defined as Methotrexate & Cyclophosphamide depending on their treatment type.
% Data generated by Saaliha al-Daoud
 ,Gene,Lesion_Methotrexate,Tissue_Methotrexate,Lesion_Cyclophosphamide,Tissue_Cyclophosphamide
Replicate 01,NELL2,10.0102733325373,13.1520123997306,8.08081743482168,7.84801160789982
Replicate 02,NELL2,10.1485616807807,12.1509555055593,,7.90457621412667
Replicate 03,NELL2,6.3570949733482,14.4803017969707,9.34637200707202,7.92935040090858
Replicate 04,NELL2,9.15188146932823,14.6612295166247,9.83556879447155,8.68626497364831
Replicate 05,NELL2,10.8365604916456,12.751891044543,9.26514496244823,9.56855770338299
Replicate 06,NELL2,8.26986914057196,12.6530317097052,8.82172523536897,8.12265925713824
