_ This data contains dCt values for JUN in Lesion & Tissue cells.
_ Cells are defined as Methotrexate & Cyclophosphamide depending on their treatment type.
_ Data generated by Fikri el-Ozer
 ,Gene,Lesion:Methotrexate,Tissue:Methotrexate,Lesion:Cyclophosphamide,Tissue:Cyclophosphamide
Replicate 01,JUN,13.3744767765783,8.70725220027808,13.522572862671,15.6265695558048
Replicate 02,JUN,9.993944378567,8.06660550981065,9.49204639464859,15.4297233217162
Replicate 03,JUN,11.4887158383527,8.20874604444048,10.7186281693946,16.8290472278476
Replicate 04,JUN,10.1438093922837,7.06723519731601,9.93249150326829,12.9585516055808
Replicate 05,JUN,11.6523872408472,-,11.184324265796,13.7322909707614
Replicate 06,JUN,9.98937834710104,7.71392092237983,13.134565269605,12.5035985321098
