// This data contains dCt values for RORa in Jurkat & CD34+ cells.
// Cells are defined as Control & TCM depending on their treatment type.
// Data generated by Dylan Suppes
 ,Gene,Jurkat:Control,CD34+:Control,Jurkat:TCM,CD34+:TCM
Replicate 01,RORa,13.4513796763189,8.03513650832941,10.7154215384408,11.9923045561346
Replicate 02,RORa,10.8916141468192,9999,12.2846817484225,10.0582775521945
Replicate 03,RORa,10.7046609993083,7.68989632128497,11.769479288226,12.1260111046833
Replicate 04,RORa,12.648089833791,9.99124489430659,11.1779591154177,9.91039812944963
Replicate 05,RORa,12.4568059045333,9.92253405263705,11.8817371341047,10.8917868012229
Replicate 06,RORa,11.8008077567192,8.38734983983938,12.4542733735383,10.0443367807668
Replicate 07,RORa,12.4250830675191,7.91182465169118,10.4191754064828,9.3034905787834
Replicate 08,RORa,10.8931966040085,9.176282908236,11.8253408515425,9.27036153231827
