@ This data contains dCt values for ITGA in MCF7 & BT549 cells.
@ Cells are defined as Methotrexate & Cyclophosphamide depending on their treatment type.
@ Data generated by Wyatt Garcia
 ,Gene,MCF7:Methotrexate,BT549:Methotrexate,MCF7:Cyclophosphamide,BT549:Cyclophosphamide
Replicate 01,ITGA,14.1321029392971,13.1750981508493,14.1706903209706,8.67902209861278
Replicate 02,ITGA,12.3526365730732,12.9014999385195,15.7707285644173,7.20382972938531
Replicate 03,ITGA,13.1121792794315,,14.7992019007605,9.56446878371557
Replicate 04,ITGA,12.6999613239881,13.1580446505892,13.5958096714916,8.52149490780798
Replicate 05,ITGA,12.9000860642041,12.2130499851009,14.6284675592823,8.46621506330706
Replicate 06,ITGA,13.964719203358,11.8188206999151,16.0146222559865,8.5327790355604
Replicate 07,ITGA,13.3498061818412,12.0173444425704,15.1654706267637,8.78727080552497
