// This data contains dCt values for RORa in Lesion & Tissue cells.
// Cells are defined as Methotrexate & Cyclophosphamide depending on their treatment type.

 ,Gene,Lesion-Methotrexate,Tissue-Methotrexate,Lesion-Cyclophosphamide,Tissue-Cyclophosphamide
Replicate 01,RORa,12.507470623695372,9.73829273471503,8.119481403027315,12.88828126609323
Replicate 02,RORa,15.364967286405532,9.994403396194073,9.36373690978253,11.234430385059389
Replicate 03,RORa,12.009629553292191,10.908088800461675,10.395308211071395,10.635532565981734
Replicate 04,RORa,13.690041963769428,8.837744487571618,7.151332639962845,11.550650758795728
Replicate 05,RORa,12.441039655791888,10.9468462334015,8.598981282465148,11.723209621922638
