// This data contains dCt values for TGFB in Lesion & Tissue cells.
// Cells are defined as WT & KO depending on their treatment type.
// Data generated by Stephanie Yannacone
 ,Gene,Lesion_WT,Tissue_WT,Lesion_KO,Tissue_KO
Replicate 01,TGFB,14.9635889565442,14.2940352307628,8.21797466892567,9.93770230212029
Replicate 02,TGFB,13.5363857490707,15.1669123482799,6.34312062953075,11.4462879196621
Replicate 03,TGFB,13.701060802861,15.0899993920106,7.27196519616138,8.79690585408653
Replicate 04,TGFB,12.2892572646982,#N/A,10.1575295934205,10.374973647977
Replicate 05,TGFB,13.5548217258295,15.9254814557381,8.27806643416085,9.90490473524648
