# This data contains dCt values for IL-2 in Th & Treg cells.
# Cells are defined as Methotrexate & Cyclophosphamide depending on their treatment type.
# Data generated by Chrisna Kingman
 ,Gene,Th_Methotrexate,Treg_Methotrexate,Th_Cyclophosphamide,Treg_Cyclophosphamide
Replicate 01,IL-2,8.78412766511601,8.53669496443879,9.99924078141851,13.5358636362412
Replicate 02,IL-2,6.87098504616046,7.43447769197486,10.5743894859234,12.4042568010773
Replicate 03,IL-2,7.7129092579934,7.2713659561569,,12.4106359186194
Replicate 04,IL-2,9.3729935683389,8.52986420013526,11.8155538450376,12.4437691940516
Replicate 05,IL-2,6.83522780856668,8.41083724746344,9.95037374696851,12.6797691168647
Replicate 06,IL-2,8.0842991745675,9.85206751804191,8.38301513008588,14.8193323702569
Replicate 07,IL-2,7.36849025437805,9.0577194993641,9.15106065851713,14.7885841867042
Replicate 08,IL-2,5.40112292040691,7.62586681075979,9.72089905003382,14.7401979032894
