@ This data contains dCt values for ITGA in Lesion & Tissue cells.
@ Cells are defined as Control & DSS depending on their treatment type.
@ Data generated by Saabiqa al-Taheri
 ,Gene,Lesion_Control,Tissue_Control,Lesion_DSS,Tissue_DSS
Replicate 01,ITGA,14.3224281679495,14.0565424937454,9999,12.8986754412235
Replicate 02,ITGA,13.7992334477812,14.5217386575061,14.3889957150579,13.2775488824124
Replicate 03,ITGA,12.1542090638422,14.7433040563931,12.9700510408334,13.1866125872528
Replicate 04,ITGA,13.3342336550168,15.6862432895069,12.5981820691744,14.826182106977
Replicate 05,ITGA,14.5778757268371,14.1245462725397,12.7939601948741,15.0875801922239
Replicate 06,ITGA,13.8204393751507,15.4892912236358,11.7550258794569,13.6654015207884
Replicate 07,ITGA,14.1944668083546,15.5274319335425,12.026028719617,12.6127882388929
Replicate 08,ITGA,15.1474524898258,15.561684544551,13.8072403618428,14.0263139707066
Replicate 09,ITGA,14.4900037388281,14.384165773966,12.1200955713312,14.5404633896498
