% This data contains dCt values for IL-2 in PBMC & CD4+ cells.
% Cells are defined as Methotrexate & Cyclophosphamide depending on their treatment type.
% Data generated by Savannah Russen
 ,Gene,PBMC_Methotrexate,CD4+_Methotrexate,PBMC_Cyclophosphamide,CD4+_Cyclophosphamide
Replicate 01,IL-2,13.7946040131125,13.1769454407525,11.0242204331268,9.75823368245872
Replicate 02,IL-2,14.2480150442773,13.0444393216308,11.1093169477911,11.6213285281319
Replicate 03,IL-2,14.0597884530882,13.3262148237988,12.5903759079034,10.2616653329087
Replicate 04,IL-2,17.1370244511767,15.1084346932887,11.8629756336232,9.99587177012311
Replicate 05,IL-2,13.7060077001083,12.3604521745318,12.2753199481151,9.51853891207848
Replicate 06,IL-2,13.2233882301104,13.4422079468044,13.2190243653887,11.4504678795038
Replicate 07,IL-2,#N/A,13.8338351536216,12.5694610108857,7.67275684989905
Replicate 08,IL-2,13.0770743252298,13.6450139149938,12.1523130339402,11.3287645484878
