_ This data contains dCt values for SEPT9 in HEK293 & CD25Hi cells.
_ Cells are defined as Methotrexate & Cyclophosphamide depending on their treatment type.
_ Data generated by Anne Quinn
 ,Gene,HEK293 Methotrexate,CD25Hi Methotrexate,HEK293 Cyclophosphamide,CD25Hi Cyclophosphamide
Replicate 01,SEPT9,10.5671641891103,13.3414053394479,9.17153137070366,13.0065261715669
Replicate 02,SEPT9,11.030269496544,#N/A,7.80391385727683,13.9164620061745
Replicate 03,SEPT9,8.79034340755485,13.7536764720376,9.49244208620005,13.1674539852962
Replicate 04,SEPT9,9.1285365124166,14.7247964940818,8.81348287085878,11.3638174501577
Replicate 05,SEPT9,8.19420276440439,14.4002987808854,9.02434245872924,11.9124401846426
Replicate 06,SEPT9,9.12870139285485,12.2934076054903,8.66083573708446,13.1672639724753
