# This data contains dCt values for FOXP3 in Th & Treg cells.
# Cells are defined as Methotrexate & Cyclophosphamide depending on their treatment type.
# Data generated by Samantha Choudhry
 ,Gene,Th_Methotrexate,Treg_Methotrexate,Th_Cyclophosphamide,Treg_Cyclophosphamide
Replicate 01,FOXP3,10.6415847590352,9.32785125212994,12.7522939052988,14.1671076289096
Replicate 02,FOXP3,9.59276410750811,9.58436265178631,11.5682681043889,13.7279901765133
Replicate 03,FOXP3,8.87216976998172,8.28728930225081,12.3526302833063,15.0441931649276
Replicate 04,FOXP3,8.82133307265179,7.82544860535834,12.1856354506165,
Replicate 05,FOXP3,9.90618835140674,8.70257354099796,13.8616929245918,14.8581735618716
Replicate 06,FOXP3,10.0309255423004,8.42462624154575,14.0719186850817,15.377811624799
Replicate 07,FOXP3,9.42268742194384,10.291356371559,11.8129041976896,15.4874526177293
Replicate 08,FOXP3,10.698148156193,6.46487021081799,12.7242340383686,13.4717384927947
Replicate 09,FOXP3,9.6977951943747,7.7543325837739,11.932883637265,14.4434754022293
Replicate 10,FOXP3,11.0641302550724,8.12095147424111,11.4677910879027,13.4505554159357
