@ This data contains dCt values for SEPT9 in HeLa & LNCaP cells.
@ Cells are defined as ZIKV- & ZIKV+ depending on their treatment type.
@ Data generated by Amelia Griffith
 ,Gene,HeLa-ZIKV-,LNCaP-ZIKV-,HeLa-ZIKV+,LNCaP-ZIKV+
Replicate 01,SEPT9,15.9261431181773,6.72899492148428,,8.74720104529323
Replicate 02,SEPT9,14.2098331429626,7.16556722666646,9.18455866803781,8.10752106223639
Replicate 03,SEPT9,14.5475661703877,9.4527146987721,11.3400397168698,6.87118270247126
Replicate 04,SEPT9,13.9690279006576,8.9183914631172,10.1017752621653,6.85080680340055
Replicate 05,SEPT9,14.7799929067623,6.14325495366048,9.09665399803833,6.52582261881921
Replicate 06,SEPT9,13.8948858217529,6.83928058111106,9.21500861331877,8.32068045484676
