_ This data contains dCt values for PSEN1 in Th & Treg cells.
_ Cells are defined as Methotrexate & Cyclophosphamide depending on their treatment type.
_ Data generated by Anna Johnson
 ,Gene,Th Methotrexate,Treg Methotrexate,Th Cyclophosphamide,Treg Cyclophosphamide
Replicate 01,PSEN1,13.7103946054527,8.04400297646375,10.7314262027552,7.99873203484857
Replicate 02,PSEN1,,9.8934529910729,12.6537894307224,10.3189339088698
Replicate 03,PSEN1,14.3685270192926,9.13122740620999,13.4297875462452,10.5006417317202
Replicate 04,PSEN1,14.1992187925022,9.76178531238239,10.8605472095534,7.7070567371104
Replicate 05,PSEN1,13.535500499203,8.59587725166722,11.7254329975339,8.42528210546648
Replicate 06,PSEN1,13.2097664613198,10.6360989906583,10.6767109287624,8.84418570720804
Replicate 07,PSEN1,13.9927075469593,8.22715837043867,13.2082689934308,8.79132654995525
