-- This data contains dCt values for SEPT9 in Liver & Kidney cells.
-- Cells are defined as ZIKV- & ZIKV+ depending on their treatment type.
-- Data generated by Haazim el-Kazi
 ,Gene,Liver/ZIKV-,Kidney/ZIKV-,Liver/ZIKV+,Kidney/ZIKV+
Replicate 01,SEPT9,8.72319808726125,8.69999566755869,10.5402064043772,12.0050519177865
Replicate 02,SEPT9,6.9886188922929,9.54258754464113,11.7390348239298,13.2461821885993
Replicate 03,SEPT9,7.31611488727369,10.3606050021736,10.8321540734753,12.6750223744994
Replicate 04,SEPT9,7.12404119827993,11.6750969073585,11.2719768561072,11.6841276006733
Replicate 05,SEPT9,7.26609187484658,9.4644997635929,12.3355395859411,12.4949155648036
Replicate 06,SEPT9,8.47815701394718,11.0710477350194,12.1268815873261,12.8009231040645
Replicate 07,SEPT9,8.60144280910662,9.62573857126782,-,12.2415318324129
Replicate 08,SEPT9,8.24266213490213,11.1587237162204,10.2256629236171,13.7206507284081
