-- This data contains dCt values for JUN in HEK293 & CD25Hi cells.
-- Cells are defined as Methotrexate & Cyclophosphamide depending on their treatment type.
-- Data generated by Faadil el-Sultana
 ,Gene,HEK293_Methotrexate,CD25Hi_Methotrexate,HEK293_Cyclophosphamide,CD25Hi_Cyclophosphamide
Replicate 01,JUN,12.0419382291153,8.88326008820746,14.322923630781,10.7372363917397
Replicate 02,JUN,12.5963165705023,8.34842908964428,14.5441312917376,11.6696022902358
Replicate 03,JUN,11.6592889666088,8.70072866083788,13.6136916596171,12.5693039941783
Replicate 04,JUN,11.4264093068349,8.7741630573659,14.8330337118342,11.857787180643
Replicate 05,JUN,13.4020735493059,8.24919582200961,14.5351642142855,12.1342478866106
Replicate 06,JUN,12.4511032937646,9.76236064268646,#N/A,13.0274105631611
Replicate 07,JUN,13.039118278535,9.00228866614031,14.3316570813337,10.2071543499799
Replicate 08,JUN,12.9168286573738,7.83342501604737,14.621751569939,10.9338091143636
