<!-- This data contains dCt values for JUN in Lesion & Tissue cells.
<!-- Cells are defined as ZIKV- & ZIKV+ depending on their treatment type.

 ,Gene,Lesion:ZIKV-,Tissue:ZIKV-,Lesion:ZIKV+,Tissue:ZIKV+
Replicate 01,JUN,8.699228393425646,14.44570481500887,12.382325299895617,13.091198570260431
Replicate 02,JUN,10.928419763854333,14.015829672020551,10.673476023714931,12.702138955296157
Replicate 03,JUN,10.7216968423676,16.28752457188121,10.90017965858147,10.712226772347
Replicate 04,JUN,10.270890544332484,13.863003069141463,11.907789457472425,13.703686602037193
Replicate 05,JUN,11.497372963095946,15.869044754858557,10.332926837339446,12.432085378128427
