# This data contains dCt values for PSEN1 in HEK293 & CD25Hi cells.
# Cells are defined as Methotrexate & Cyclophosphamide depending on their treatment type.
# Data generated by Kathy Pak
 ,Gene,HEK293/Methotrexate,CD25Hi/Methotrexate,HEK293/Cyclophosphamide,CD25Hi/Cyclophosphamide
Replicate 01,PSEN1,13.6142526241156,8.26145331944209,10.3230453446378,7.84083417564602
Replicate 02,PSEN1,11.3688267013652,7.53897379061025,10.9707132362098,10.43597178412
Replicate 03,PSEN1,12.7104829320213,8.74787308158467,9.56062307300432,9.70527544880376
Replicate 04,PSEN1,11.431677704123,8.88676795277822,9.55972828054137,9.21381988651823
Replicate 05,PSEN1,11.6549647487211,8.56392713756125,9.30269088976257,10.4282248691138
Replicate 06,PSEN1,9.95090552659886,,9.98956172234633,9.58508516908173
Replicate 07,PSEN1,11.0619059578835,9.86643929208223,8.61939379767135,11.2854662990136
Replicate 08,PSEN1,10.5898204714838,9.07661689189568,9.65626099942514,10.6615113202417
