-- This data contains dCt values for SEPT9 in Jurkat & CD34+ cells.
-- Cells are defined as Control & Transfected depending on their treatment type.
-- Data generated by Dana Avens
 ,Gene,Jurkat_Control,CD34+_Control,Jurkat_Transfected,CD34+_Transfected
Replicate 01,SEPT9,16.514057525244,8.43867889757173,#N/A,8.28309192218363
Replicate 02,SEPT9,14.5191556771667,9.14509588633159,10.0087943013122,7.97047483489209
Replicate 03,SEPT9,14.7773350991869,7.83832305223272,11.4833799523402,7.4019163398812
Replicate 04,SEPT9,13.5835210982303,10.2217644406229,10.880918732394,9.0830203309577
Replicate 05,SEPT9,14.6320542688845,8.2868155912574,11.4096056000943,9.75816407745736
Replicate 06,SEPT9,15.1355353703825,9.41977437810293,11.5572677450426,8.36875502014551
Replicate 07,SEPT9,14.7134667544194,7.674143427425,10.3834418101133,8.55410657195311
