@ This data contains dCt values for ITGA in Liver & Kidney cells.
@ Cells are defined as ZIKV- & ZIKV+ depending on their treatment type.

 ,Gene,Liver_ZIKV-,Kidney_ZIKV-,Liver_ZIKV+,Kidney_ZIKV+
Replicate 01,ITGA,12.321610826647667,12.389945689319175,8.55195942666566,9.37040318871038
Replicate 02,ITGA,13.437768627369188,11.664553315250776,7.664282162453883,6.04133809975196
Replicate 03,ITGA,14.68981623490236,13.018954218015683,11.337238230319008,8.909454189441517
Replicate 04,ITGA,13.172855911909352,12.098358152139719,10.214907866177091,10.24263116015377
Replicate 05,ITGA,11.21584158480403,11.621569994520621,10.033916079658006,10.121459897378896
