@ This data contains dCt values for SEPT9 in HeLa & LNCaP cells.
@ Cells are defined as ZIKV- & ZIKV+ depending on their treatment type.
@ Data generated by Stephanie Peloquin
 ,Gene,HeLa:ZIKV-,LNCaP:ZIKV-,HeLa:ZIKV+,LNCaP:ZIKV+
Replicate 01,SEPT9,15.4533222772651,9.08822486902504,7.74881944858904,14.2257927431772
Replicate 02,SEPT9,12.8638444814966,8.6915235928791,10.001298654809,13.5627398962515
Replicate 03,SEPT9,13.8458785573122,8.05170196991105,9.91331327925425,15.9472980975864
Replicate 04,SEPT9,12.4019762008093,9.86404634911609,9.51256616562097,13.6729841493217
Replicate 05,SEPT9,12.514402811339,9.06701993419877,6.97507966606341,14.9268622103918
Replicate 06,SEPT9,12.4922379046087,9.59622924297609,7.74983160298399,
