_ This data contains dCt values for TGFB in Naive & Memory cells.
_ Cells are defined as Methotrexate & Cyclophosphamide depending on their treatment type.
_ Data generated by De'Von Roberts
 ,Gene,Naive/Methotrexate,Memory/Methotrexate,Naive/Cyclophosphamide,Memory/Cyclophosphamide
Replicate 01,TGFB,15.0757535075409,13.7235234653893,13.8347820174662,10.4082896538472
Replicate 02,TGFB,9999,13.3974051323195,13.4798303743696,12.0218558242274
Replicate 03,TGFB,12.9991472524024,12.6163299709793,12.982022391691,12.414415024566
Replicate 04,TGFB,13.4622514461902,10.3604368567116,13.9553663152592,12.4720056494665
Replicate 05,TGFB,13.6876977744521,12.8410357927247,13.9243985796266,14.4403135990293
Replicate 06,TGFB,14.5034682389936,11.7888009163914,11.7444161118487,11.3378164669102
Replicate 07,TGFB,14.2866292863535,11.7258188167916,12.9025660072345,12.8113852768573
