% This data contains dCt values for NELL2 in HEK293 & CD25Hi cells.
% Cells are defined as Control & DSS depending on their treatment type.
% Data generated by Jessica Thao
 ,Gene,HEK293-Control,CD25Hi-Control,HEK293-DSS,CD25Hi-DSS
Replicate 01,NELL2,13.0635185131199,14.2784033046407,13.2029140846763,10.935565096538
Replicate 02,NELL2,13.6187153094064,14.749215988712,11.7736020344721,11.7199862511193
Replicate 03,NELL2,11.7519574224416,13.6191020297316,13.0804721546156,11.0395868944897
Replicate 04,NELL2,#N/A,10.5852954908075,10.6557200197089,10.9930614330334
Replicate 05,NELL2,13.1843395674709,13.0968814800285,13.1209187396747,14.1981030957876
Replicate 06,NELL2,14.4898566590746,12.1814690986959,11.5581594787387,11.26988886465
