% This data contains dCt values for RORa in HeLa & LNCaP cells.
% Cells are defined as WT & KO depending on their treatment type.
% Data generated by Phong Ho
 ,Gene,HeLa/WT,LNCaP/WT,HeLa/KO,LNCaP/KO
Replicate 01,RORa,14.0164612133657,10.6370469552976,15.9183824824672,12.5609474007915
Replicate 02,RORa,11.8553581335583,12.8536035276019,15.6077195258272,15.0011120096856
Replicate 03,RORa,14.2861328854526,11.1094319286876,15.0743795385446,14.2980185815439
Replicate 04,RORa,11.5488769701532,10.0963583342693,13.6943524178393,13.7273650127835
Replicate 05,RORa,13.6058241721082,10.8616651585241,14.609483438781,13.9248879271205
Replicate 06,RORa,11.5749381366311,-,13.6374722651103,13.5875238645203
