<!-- This data contains dCt values for HIF1A in Lesion & Tissue cells.
<!-- Cells are defined as Methotrexate & Cyclophosphamide depending on their treatment type.
<!-- Data generated by Abdur Razzaaq al-Mustafa
 ,Gene,Lesion-Methotrexate,Tissue-Methotrexate,Lesion-Cyclophosphamide,Tissue-Cyclophosphamide
Replicate 01,HIF1A,11.4287627307762,11.0273845707852,15.0306019028779,9999
Replicate 02,HIF1A,12.5073036300061,8.47880166127806,13.0139308549711,10.7965908588555
Replicate 03,HIF1A,12.5811947027177,8.56721854051921,12.5771802362892,9.50630634229081
Replicate 04,HIF1A,12.0462538322985,7.35842992519045,13.4296806995994,10.9073482731032
Replicate 05,HIF1A,11.1486099825262,9.96286887542826,14.2359911825473,10.8112137940335
Replicate 06,HIF1A,11.5900340062988,7.79726551593763,15.2600361632416,10.7261022839157
