@ This data contains dCt values for HIF1A in HeLa & LNCaP cells.
@ Cells are defined as Methotrexate & Cyclophosphamide depending on their treatment type.
@ Data generated by Zaidaan el-Hares
 ,Gene,HeLa/Methotrexate,LNCaP/Methotrexate,HeLa/Cyclophosphamide,LNCaP/Cyclophosphamide
Replicate 01,HIF1A,7.26670162841546,10.3545614201158,14.9259767338283,14.3218682354733
Replicate 02,HIF1A,8.89466231635797,10.2821526598576,14.3659829273875,15.7382164954312
Replicate 03,HIF1A,9.37814492329803,11.0627985630808,15.1685267040093,14.4509928026822
Replicate 04,HIF1A,9.06707494363123,9.38274619982742,15.0526155407756,12.8910548294336
Replicate 05,HIF1A,-,9.17402611713186,13.9327135145128,13.1530132293679
