@ This data contains dCt values for FOXP3 in Naive & Memory cells.
@ Cells are defined as ZIKV- & ZIKV+ depending on their treatment type.

 ,Gene,Naive ZIKV-,Memory ZIKV-,Naive ZIKV+,Memory ZIKV+
Replicate 01,FOXP3,11.080411577952228,13.263800477955694,10.77768737958781,7.266872524209009
Replicate 02,FOXP3,8.603622957780956,13.83054603569788,11.866078745259092,8.466258431082958
Replicate 03,FOXP3,10.921364362585974,12.976634533907433,13.515862502868472,8.018340794709323
Replicate 04,FOXP3,11.26990563701819,13.71018438649088,11.639267724129954,7.95215469042748
Replicate 05,FOXP3,11.055179789474604,12.429965881196436,11.682764270689628,9.410463756708822
