_ This data contains dCt values for IL-2 in CD141+ & CD303+ cells.
_ Cells are defined as Methotrexate & Cyclophosphamide depending on their treatment type.

 ,Gene,CD141+-Methotrexate,CD303+-Methotrexate,CD141+-Cyclophosphamide,CD303+-Cyclophosphamide
Replicate 01,IL-2,14.937690023722315,13.97528264142208,10.866462892814264,11.769923564019885
Replicate 02,IL-2,13.983703653975232,13.740446651784481,10.062021732631274,11.724828937811191
Replicate 03,IL-2,13.36124701884754,14.975199968179794,8.768554364699119,12.396484513125875
Replicate 04,IL-2,15.390156376534511,14.017485149670849,9.830428035964658,11.12567537689842
Replicate 05,IL-2,15.440666358045359,12.913812201544252,10.317952908324514,13.253342940430178
Replicate 06,IL-2,16.424522345105093,16.77710968451337,9.917162650159295,11.51561823880311
