<!-- This data contains dCt values for NELL2 in HEK293 & CD25Hi cells.
<!-- Cells are defined as WT & KO depending on their treatment type.
<!-- Data generated by Cody Wright
 ,Gene,HEK293_WT,CD25Hi_WT,HEK293_KO,CD25Hi_KO
Replicate 01,NELL2,10.3342803974889,10.7848157392844,9.93577808093601,11.2273238340213
Replicate 02,NELL2,7.25434358932576,9.44157846975219,10.0864404938808,11.4747843269762
Replicate 03,NELL2,9.38005035855573,10.1199686901735,9.8931607947831,10.3142333846927
Replicate 04,NELL2,-,11.0927439185171,9.82384473040759,10.9720048280654
Replicate 05,NELL2,8.43795326010702,9.48378245631646,11.2241651469346,9.4044962284052
Replicate 06,NELL2,9.92105439923365,9.1577910402539,11.7294035654163,10.678131992418
