// This data contains dCt values for RORa in HEK293 & CD25Hi cells.
// Cells are defined as Methotrexate & Cyclophosphamide depending on their treatment type.

 ,Gene,HEK293/Methotrexate,CD25Hi/Methotrexate,HEK293/Cyclophosphamide,CD25Hi/Cyclophosphamide
Replicate 01,RORa,8.81507940635838,14.69986656737809,12.158890706504486,11.139693045183268
Replicate 02,RORa,7.624075666331249,14.37336756997311,14.050596965313689,12.241610393425137
Replicate 03,RORa,7.100511991544978,14.087485803525466,12.50602363256369,14.312893147860375
Replicate 04,RORa,8.65556750410043,14.146837303077033,11.012553880313613,11.18411888095192
Replicate 05,RORa,8.764253751351037,16.749992032677042,10.82452504452925,12.474812508343751
Replicate 06,RORa,8.132492590326851,15.135586305313353,13.308549845894442,11.924263112607761
