_ This data contains dCt values for HIF1A in CD141+ & CD303+ cells.
_ Cells are defined as ZIKV- & ZIKV+ depending on their treatment type.
_ Data generated by Vivian Krumland
 ,Gene,CD141+:ZIKV-,CD303+:ZIKV-,CD141+:ZIKV+,CD303+:ZIKV+
Replicate 01,HIF1A,9.41694866433153,12.7478668227857,11.2036323301257,6.7308936078795
Replicate 02,HIF1A,7.55710300524996,11.9476498654073,11.8190491354646,7.5022033900086
Replicate 03,HIF1A,6.99445289889234,12.6531598262725,13.2463931349511,9999
Replicate 04,HIF1A,7.67735857561612,14.3894046028264,11.9195336178675,7.40130460734657
Replicate 05,HIF1A,8.52257601407756,13.482284355075,12.3028671371145,8.33118018320428
