<!-- This data contains dCt values for NELL2 in Jurkat & CD34+ cells.
<!-- Cells are defined as WT & KO depending on their treatment type.
<!-- Data generated by Aseela al-Faris
 ,Gene,Jurkat:WT,CD34+:WT,Jurkat:KO,CD34+:KO
Replicate 01,NELL2,12.5835751232574,14.0581261102893,9.92386030991429,11.3582505818939
Replicate 02,NELL2,12.9341959860267,14.3384470806344,10.5829555721498,10.3755188569781
Replicate 03,NELL2,13.2871688946458,11.398294394552,10.2741702740112,9.64466317301051
Replicate 04,NELL2,14.6173416452087,12.107737713449,8.30986626541787,11.0480149461585
Replicate 05,NELL2,13.5912325129837,14.608210975048,#N/A,10.7846427967572
Replicate 06,NELL2,12.727258720983,11.5874106469949,8.67697530447043,12.6057323198056
