@ This data contains dCt values for ITGA in HeLa & LNCaP cells.
@ Cells are defined as Control & DSS depending on their treatment type.
@ Data generated by Widdad al-Sultana
 ,Gene,HeLa:Control,LNCaP:Control,HeLa:DSS,LNCaP:DSS
Replicate 01,ITGA,8.10201068178304,8.91059446682758,8.46187380131628,15.4549374216686
Replicate 02,ITGA,7.82991174187894,10.5917547153576,10.4707989665873,13.6919395201612
Replicate 03,ITGA,6.95525467990792,9.08021132156774,7.49911807756132,14.7368760930863
Replicate 04,ITGA,8.48578063297046,,9.22445821330421,13.8474279539734
Replicate 05,ITGA,6.8672279122777,6.93712884973832,9.23556854547512,12.3957272808145
Replicate 06,ITGA,6.51883460116123,11.3921447802407,8.51403804062106,13.6078366469741
Replicate 07,ITGA,8.67275354136643,8.95132840515919,8.72435252190942,15.0207178621196
