// This data contains dCt values for SATB1 in PBMC & CD4+ cells.
// Cells are defined as ZIKV- & ZIKV+ depending on their treatment type.
// Data generated by Rohun Nguyen
 ,Gene,PBMC:ZIKV-,CD4+:ZIKV-,PBMC:ZIKV+,CD4+:ZIKV+
Replicate 01,SATB1,8.36435328743997,6.5171403987871,12.555688881675,11.2355540477946
Replicate 02,SATB1,11.5341483845135,8.26147393123643,11.724112351897,10.6638999241976
Replicate 03,SATB1,11.4281748799728,8.4158656840518,11.7084621665901,11.5823648203353
Replicate 04,SATB1,9.49501771970795,7.9029279302293,12.6418773933629,12.2996789044031
Replicate 05,SATB1,10.6023540841607,6.90430759975799,12.4398036394917,12.6526154028699
Replicate 06,SATB1,11.7824036984318,8.52652956624309,11.3157715472857,12.1007300194636
Replicate 07,SATB1,8.81709830422282,-,12.88764448878,11.723525691183
